MAC Address,Channel,DS Channel,HT Capabilities,Extended Capabilities,Vendor Specific Tags,Supported Rates,Extended Supported Rates,Length,Cluster ID
02:02:70:30:b6:43,1,3.0,2.0,1.0,6.0,2.0,0.0,143,0
02:0b:5b:9e:41:54,1,2.0,4.0,2.0,3.0,0.0,0.0,154,1
02:0b:72:cb:7d:eb,11,9.0,4.0,2.0,3.0,0.0,0.0,154,1
02:0c:01:7e:50:d6,11,13.0,4.0,2.0,3.0,0.0,0.0,154,1
02:11:33:61:b5:ef,1,2.0,2.0,1.0,6.0,2.0,0.0,143,0
02:11:61:0f:20:a3,11,10.0,4.0,2.0,3.0,0.0,0.0,154,1
02:15:e6:f4:cb:7e,1,3.0,4.0,2.0,3.0,0.0,0.0,154,1
02:17:9c:97:63:27,1,1.0,4.0,2.0,3.0,0.0,0.0,154,1
02:18:3a:e6:4e:e9,1,2.0,4.0,2.0,3.0,0.0,0.0,154,1
02:29:87:7d:c0:ee,11,9.0,4.0,2.0,3.0,0.0,0.0,154,1
02:2a:a7:ea:b2:e9,11,13.0,4.0,2.0,3.0,0.0,0.0,154,1
02:2e:1f:72:c9:05,11,11.0,2.0,1.0,6.0,2.0,0.0,131,2
02:2f:c2:8f:63:63,1,1.0,4.0,2.0,3.0,0.0,0.0,154,1
02:35:37:d8:40:5d,6,5.0,2.0,1.0,6.0,2.0,0.0,143,0
02:3b:2c:39:a2:a3,11,12.0,4.0,2.0,3.0,0.0,0.0,154,1
02:3e:47:ce:61:26,1,2.0,2.0,1.0,6.0,2.0,0.0,143,0
02:43:ab:34:e2:2b,11,11.0,4.0,2.0,3.0,0.0,0.0,154,1
02:57:c6:80:e7:b4,11,11.0,2.0,1.0,6.0,2.0,0.0,131,2
02:59:a8:79:24:48,6,6.0,4.0,2.0,3.0,0.0,0.0,142,3
02:5d:25:81:75:b8,11,10.0,4.0,2.0,3.0,0.0,0.0,154,1
02:61:5a:96:62:24,1,3.0,2.0,1.0,6.0,2.0,0.0,143,0
02:64:a9:45:e1:b0,1,3.0,4.0,2.0,3.0,0.0,0.0,154,1
02:64:b0:61:28:32,1,3.0,2.0,1.0,6.0,2.0,0.0,143,0
02:71:dc:6f:49:fa,11,11.0,2.0,1.0,6.0,2.0,0.0,131,2
02:73:6d:61:92:44,1,2.0,2.0,1.0,6.0,2.0,0.0,143,0
02:77:58:67:ad:de,11,9.0,4.0,2.0,3.0,0.0,0.0,154,1
02:7a:98:0a:f1:3b,11,9.0,4.0,2.0,3.0,0.0,0.0,154,1
02:7c:28:f1:b0:32,11,13.0,4.0,2.0,3.0,0.0,0.0,154,1
02:84:0c:20:c0:9b,11,11.0,4.0,2.0,3.0,0.0,0.0,154,1
02:8a:46:d4:7b:0b,11,11.0,4.0,2.0,3.0,0.0,0.0,154,1
02:8c:f7:68:e1:d6,11,11.0,4.0,2.0,3.0,0.0,0.0,154,1
02:8f:27:02:c8:a0,11,9.0,4.0,2.0,3.0,0.0,0.0,154,1
02:98:40:a8:95:03,6,6.0,2.0,1.0,6.0,2.0,0.0,143,0
02:99:a2:23:76:f8,11,12.0,2.0,1.0,6.0,0.0,0.0,113,4
02:9a:6e:43:e4:6c,1,2.0,2.0,1.0,6.0,2.0,0.0,143,0
02:9e:52:3d:4c:82,1,2.0,2.0,1.0,6.0,2.0,0.0,143,0
02:9e:d0:33:e6:fd,11,11.0,2.0,1.0,6.0,2.0,0.0,131,2
02:a1:c2:e8:ae:2c,11,10.0,4.0,2.0,3.0,0.0,0.0,154,1
02:a3:cc:9e:fb:d9,11,12.0,4.0,2.0,3.0,0.0,0.0,154,1
02:a8:86:01:9e:fa,1,1.0,4.0,2.0,3.0,0.0,0.0,154,1
02:ab:6d:5e:38:03,1,3.0,2.0,1.0,6.0,2.0,0.0,143,0
02:b1:87:4c:e5:17,1,2.0,4.0,2.0,3.0,0.0,0.0,154,1
02:b8:33:24:4b:a7,1,3.0,2.0,1.0,6.0,2.0,0.0,143,0
02:b8:94:8c:4a:a9,11,10.0,4.0,2.0,3.0,0.0,0.0,154,1
02:b8:a1:e1:fe:3a,11,11.0,4.0,2.0,3.0,0.0,0.0,154,1
02:bc:a8:5a:82:fd,11,9.0,4.0,2.0,3.0,0.0,0.0,154,1
02:bd:43:b4:e1:b0,6,6.0,4.0,2.0,3.0,0.0,0.0,142,3
02:be:5b:65:4b:56,11,11.0,2.0,1.0,6.0,2.0,0.0,131,2
02:c2:cd:11:3e:91,6,8.0,2.0,1.0,6.0,2.0,0.0,143,0
02:c8:c5:10:8c:9f,11,12.0,4.0,2.0,3.0,0.0,0.0,154,1
02:cb:f3:2f:3f:30,11,11.0,2.0,1.0,6.0,2.0,0.0,131,2
02:ce:e7:6e:08:32,6,6.0,4.0,2.0,3.0,0.0,0.0,142,3
02:d1:5d:7d:58:a4,6,6.0,5.0,3.0,1.0,0.0,0.0,165,5
02:d4:33:b3:2b:34,11,12.0,4.0,2.0,3.0,0.0,0.0,154,1
02:de:f5:1a:96:e5,11,12.0,4.0,2.0,3.0,0.0,0.0,154,1
02:e1:77:2c:4d:d5,11,11.0,4.0,2.0,3.0,0.0,0.0,154,1
02:f7:4d:1c:b1:10,11,9.0,4.0,2.0,3.0,0.0,0.0,154,1
02:f9:f2:c3:e6:9e,11,9.0,4.0,2.0,3.0,0.0,0.0,154,1
02:fd:74:4d:50:ab,11,11.0,4.0,2.0,3.0,0.0,0.0,154,1
06:12:e5:be:fd:75,11,11.0,2.0,1.0,6.0,2.0,0.0,131,2
06:19:55:69:6e:bd,6,6.0,2.0,1.0,6.0,2.0,0.0,143,0
06:3a:8b:46:45:3f,6,5.0,2.0,1.0,6.0,2.0,0.0,143,0
06:3f:62:63:54:b9,6,8.0,2.0,1.0,6.0,2.0,0.0,143,0
06:4b:04:fb:aa:93,6,7.0,2.0,1.0,6.0,2.0,0.0,143,0
06:4c:04:ff:02:ca,1,1.0,2.0,1.0,6.0,2.0,0.0,143,0
06:50:6c:94:7b:ce,6,6.0,2.0,1.0,6.0,2.0,0.0,143,0
06:51:f6:d4:34:db,1,1.0,2.0,1.0,6.0,2.0,0.0,143,0
06:5f:a7:66:92:cb,6,8.0,2.0,1.0,6.0,2.0,0.0,143,0
06:68:15:85:ee:f6,6,5.0,2.0,1.0,6.0,2.0,0.0,143,0
06:6b:97:1c:b5:a5,11,11.0,5.0,3.0,1.0,0.0,0.0,153,6
06:70:b0:80:b1:98,1,3.0,2.0,1.0,6.0,2.0,0.0,143,0
06:9d:e7:75:30:b6,1,3.0,2.0,1.0,6.0,2.0,0.0,143,0
06:a1:87:f5:a6:1d,1,1.0,2.0,1.0,6.0,2.0,0.0,143,0
06:a6:03:a7:27:c0,1,1.0,2.0,1.0,6.0,2.0,0.0,143,0
06:ab:08:1b:ad:b1,6,8.0,2.0,1.0,6.0,2.0,0.0,143,0
06:bf:3e:cf:94:52,1,3.0,2.0,1.0,6.0,2.0,0.0,143,0
06:bf:77:40:2b:3d,6,7.0,2.0,1.0,6.0,2.0,0.0,143,0
06:d1:13:3d:ec:c9,6,6.0,2.0,1.0,6.0,2.0,0.0,143,0
06:d5:5b:12:13:9f,6,5.0,2.0,1.0,6.0,2.0,0.0,143,0
06:db:5e:c4:cb:90,6,8.0,2.0,1.0,6.0,2.0,0.0,143,0
06:e6:e1:52:a0:9c,1,1.0,2.0,1.0,6.0,2.0,0.0,143,0
0a:04:45:19:bd:eb,1,3.0,2.0,1.0,6.0,2.0,0.0,143,0
0a:10:fc:83:d1:14,6,5.0,2.0,1.0,6.0,2.0,0.0,143,0
0a:11:0a:6c:bc:3b,6,7.0,2.0,1.0,6.0,2.0,0.0,143,0
0a:13:e2:ac:65:9d,6,6.0,5.0,3.0,1.0,0.0,0.0,165,5
0a:2c:88:8a:70:f1,6,8.0,2.0,1.0,6.0,2.0,0.0,143,0
0a:4d:2e:a8:17:bb,11,5.0,2.0,1.0,6.0,2.0,0.0,131,2
0a:6a:09:28:18:25,11,11.0,2.0,1.0,6.0,2.0,0.0,131,2
0a:76:fa:e9:85:07,1,3.0,2.0,1.0,6.0,2.0,0.0,143,0
0a:7a:c4:5c:7a:a9,6,6.0,2.0,1.0,6.0,2.0,0.0,143,0
0a:c4:da:5d:0c:0d,1,3.0,2.0,1.0,6.0,2.0,0.0,143,0
0a:c8:11:2d:7c:85,1,3.0,2.0,1.0,6.0,2.0,0.0,143,0
0a:ed:25:6d:1d:ad,11,11.0,5.0,5.0,1.0,0.0,0.0,143,7
0a:fe:8b:a1:df:7f,1,2.0,2.0,1.0,6.0,2.0,0.0,143,0
0d:ea:e3:1b:5a:09,1,1.0,7.0,6.0,2.0,0.0,0.0,187,8
0e:03:a4:bb:a7:fb,11,11.0,2.0,1.0,6.0,2.0,0.0,131,2
0e:09:ee:fc:25:ff,11,11.0,2.0,1.0,6.0,2.0,0.0,131,2
0e:0e:34:68:6a:aa,6,5.0,2.0,1.0,6.0,2.0,0.0,143,0
0e:15:6f:a9:e6:a2,1,2.0,2.0,1.0,6.0,2.0,0.0,143,0
0e:25:00:e7:bd:c8,6,8.0,2.0,1.0,6.0,2.0,0.0,143,0
0e:2c:57:fa:d7:0e,6,5.0,2.0,1.0,6.0,2.0,0.0,143,0
0e:33:0b:b5:2a:81,11,11.0,2.0,1.0,6.0,2.0,0.0,131,2
0e:49:80:8b:1d:5e,1,2.0,2.0,1.0,6.0,2.0,0.0,143,0
0e:5d:fe:de:c7:e2,6,8.0,2.0,1.0,6.0,2.0,0.0,143,0
0e:61:fc:87:00:ec,1,1.0,2.0,1.0,6.0,2.0,0.0,143,0
0e:73:86:39:55:e6,6,5.0,2.0,1.0,6.0,2.0,0.0,143,0
0e:88:00:84:e6:06,11,11.0,2.0,1.0,6.0,2.0,0.0,131,2
0e:8d:cc:99:63:fd,1,1.0,7.0,4.0,2.0,0.0,0.0,155,9
0e:c7:37:73:da:36,6,5.0,2.0,1.0,6.0,2.0,0.0,143,0
0e:cc:01:f7:0e:33,6,5.0,2.0,1.0,6.0,2.0,0.0,143,0
0e:d5:ec:41:48:66,1,3.0,2.0,1.0,6.0,2.0,0.0,143,0
0e:d7:e2:7b:bf:c1,6,7.0,2.0,1.0,6.0,2.0,0.0,143,0
12:09:2e:d8:cd:5f,6,6.0,2.0,1.0,6.0,2.0,0.0,143,0
12:14:73:5c:69:6a,6,7.0,2.0,1.0,6.0,2.0,0.0,143,0
12:23:70:ab:07:90,1,1.0,0.0,0.0,6.0,0.0,0.0,101,10
12:23:9a:3b:82:e8,1,1.0,2.0,1.0,6.0,2.0,0.0,143,0
12:2b:2a:c1:16:57,1,1.0,2.0,1.0,6.0,2.0,0.0,143,0
12:2b:c9:37:89:a5,11,11.0,2.0,1.0,6.0,2.0,0.0,131,2
12:2d:97:28:6a:df,1,2.0,2.0,1.0,6.0,2.0,0.0,143,0
12:35:52:1f:07:b3,6,6.0,5.0,3.0,1.0,0.0,0.0,165,5
12:36:a5:c7:fe:e3,1,2.0,2.0,1.0,6.0,2.0,0.0,143,0
12:3c:64:ae:b4:d3,1,2.0,2.0,1.0,6.0,2.0,0.0,143,0
12:3f:35:9e:83:a3,6,5.0,2.0,1.0,6.0,2.0,0.0,143,0
12:59:9d:c2:84:d6,11,11.0,2.0,1.0,6.0,2.0,0.0,131,2
12:74:52:00:ba:2e,6,5.0,2.0,1.0,6.0,2.0,0.0,143,0
12:8a:54:a7:f6:e6,1,1.0,2.0,1.0,6.0,2.0,0.0,143,0
12:8e:c6:23:8a:e2,6,8.0,2.0,1.0,6.0,2.0,0.0,143,0
12:91:32:a8:71:1d,1,1.0,2.0,1.0,6.0,2.0,0.0,143,0
12:95:aa:83:51:7a,1,2.0,2.0,1.0,6.0,2.0,0.0,143,0
12:a1:a8:9a:1a:15,6,8.0,2.0,1.0,6.0,2.0,0.0,143,0
12:a5:9f:a2:48:84,11,11.0,2.0,1.0,6.0,2.0,0.0,131,2
12:ab:5e:d4:b9:6e,11,10.0,2.0,1.0,6.0,0.0,0.0,113,4
12:c1:13:8e:54:97,6,8.0,2.0,1.0,6.0,0.0,0.0,113,4
12:c9:c3:cf:83:55,6,7.0,2.0,1.0,6.0,2.0,0.0,143,0
12:cd:db:f3:0d:6f,6,7.0,2.0,1.0,6.0,2.0,0.0,143,0
16:06:2f:7d:87:7a,6,8.0,2.0,1.0,6.0,2.0,0.0,143,0
16:0a:8d:a0:1e:72,1,2.0,2.0,1.0,6.0,2.0,0.0,143,0
16:1d:4b:a4:6e:09,6,5.0,5.0,3.0,1.0,0.0,0.0,165,5
16:2a:5f:88:91:0f,1,2.0,2.0,1.0,6.0,2.0,0.0,143,0
16:2c:30:8f:ed:3a,11,11.0,2.0,1.0,6.0,2.0,0.0,131,2
16:41:76:37:27:68,6,5.0,2.0,1.0,6.0,2.0,0.0,143,0
16:44:d9:66:f3:3e,1,3.0,2.0,1.0,6.0,2.0,0.0,143,0
16:4e:b2:e5:2e:85,11,11.0,2.0,1.0,6.0,2.0,0.0,131,2
16:4f:a3:b2:90:ad,6,5.0,2.0,1.0,6.0,2.0,0.0,143,0
16:65:3e:e3:33:be,1,2.0,2.0,1.0,6.0,2.0,0.0,143,0
16:7f:0e:fd:55:3a,6,6.0,2.0,1.0,6.0,2.0,0.0,143,0
16:80:a4:2a:b4:0a,6,6.0,2.0,1.0,6.0,2.0,0.0,143,0
16:93:34:2e:87:b6,6,8.0,2.0,1.0,6.0,2.0,0.0,143,0
16:a7:ab:e4:95:3e,1,2.0,2.0,1.0,6.0,2.0,0.0,143,0
16:b2:06:90:cc:0c,6,7.0,2.0,1.0,6.0,2.0,0.0,143,0
16:ba:58:2e:fd:77,6,6.0,2.0,1.0,6.0,2.0,0.0,143,0
16:ba:d3:89:72:ce,11,13.0,2.0,1.0,6.0,0.0,0.0,113,4
16:bf:e0:ae:00:26,6,7.0,2.0,1.0,6.0,2.0,0.0,143,0
16:cb:6d:9d:32:3e,6,5.0,2.0,1.0,6.0,2.0,0.0,143,0
16:d8:db:8d:7a:2f,6,8.0,2.0,1.0,6.0,2.0,0.0,143,0
16:db:52:fd:b1:2c,6,6.0,5.0,3.0,1.0,0.0,0.0,165,5
16:df:e4:b0:84:21,6,5.0,2.0,1.0,6.0,2.0,0.0,143,0
16:e2:26:65:13:74,11,11.0,2.0,1.0,6.0,2.0,0.0,131,2
16:e3:47:cb:12:a3,6,6.0,2.0,1.0,6.0,2.0,0.0,143,0
16:e5:17:c0:f9:99,1,2.0,2.0,1.0,6.0,2.0,0.0,143,0
1a:01:d0:ce:7c:d7,6,7.0,2.0,1.0,6.0,2.0,0.0,143,0
1a:03:5a:1c:ca:21,1,1.0,2.0,1.0,6.0,2.0,0.0,143,0
1a:1d:96:1e:42:d2,6,4.0,2.0,1.0,6.0,2.0,0.0,143,0
1a:2e:bd:b4:fa:40,1,2.0,2.0,1.0,6.0,2.0,0.0,143,0
1a:34:7c:ea:7d:61,6,2.0,2.0,1.0,6.0,2.0,0.0,143,0
1a:38:54:0f:72:07,1,1.0,2.0,1.0,6.0,2.0,0.0,143,0
1a:5a:8f:3f:1f:50,6,8.0,2.0,1.0,6.0,2.0,0.0,143,0
1a:5f:8a:54:bd:ef,6,7.0,2.0,1.0,6.0,2.0,0.0,143,0
1a:67:6e:e8:d3:fb,1,1.0,2.0,1.0,6.0,2.0,0.0,143,0
1a:75:1c:ca:03:55,1,1.0,5.0,3.0,1.0,0.0,0.0,165,5
1a:7a:3f:6f:32:0c,6,6.0,5.0,3.0,1.0,0.0,0.0,165,5
1a:92:c6:95:d7:45,11,11.0,5.0,5.0,1.0,0.0,0.0,143,7
1a:9c:31:79:7e:d4,1,2.0,2.0,1.0,6.0,2.0,0.0,143,0
1a:ae:92:0a:14:27,6,7.0,2.0,1.0,6.0,2.0,0.0,143,0
1a:b2:45:e4:44:3b,11,12.0,2.0,1.0,6.0,0.0,0.0,113,4
1a:b4:86:29:9c:da,1,3.0,2.0,1.0,6.0,2.0,0.0,143,0
1a:be:43:44:a9:ab,6,6.0,0.0,0.0,6.0,0.0,0.0,113,11
1a:d1:c8:69:89:9c,6,6.0,2.0,1.0,6.0,2.0,0.0,143,0
1a:d9:41:43:6a:0e,11,11.0,5.0,5.0,1.0,0.0,0.0,143,7
1a:ec:29:1f:39:6f,6,7.0,2.0,1.0,6.0,2.0,0.0,143,0
1a:f4:36:b0:f7:46,11,9.0,2.0,1.0,6.0,0.0,0.0,113,4
1a:f8:54:3c:8f:1c,11,11.0,2.0,1.0,6.0,2.0,0.0,131,2
1c:85:76:bf:53:87,1,1.0,7.0,4.0,2.0,0.0,0.0,155,9
1e:01:37:f0:9d:07,11,11.0,2.0,1.0,6.0,2.0,0.0,131,2
1e:04:cf:44:f8:2d,6,5.0,2.0,1.0,6.0,2.0,0.0,143,0
1e:04:da:48:10:18,11,11.0,0.0,0.0,6.0,0.0,0.0,113,11
1e:0d:bf:5d:3c:be,1,2.0,2.0,1.0,6.0,2.0,0.0,143,0
1e:0f:0e:42:8e:e1,11,11.0,2.0,1.0,6.0,2.0,0.0,131,2
1e:19:f3:4c:dd:a8,6,8.0,2.0,1.0,6.0,2.0,0.0,143,0
1e:33:f7:51:a3:e4,6,7.0,2.0,1.0,6.0,2.0,0.0,143,0
1e:3b:70:c9:4d:0c,11,11.0,2.0,1.0,6.0,2.0,0.0,131,2
1e:44:2b:9f:de:4b,11,1.0,2.0,1.0,6.0,2.0,0.0,131,2
1e:46:bc:fe:5d:22,1,1.0,5.0,3.0,1.0,0.0,0.0,165,5
1e:4a:50:e1:48:fb,1,1.0,2.0,1.0,6.0,2.0,0.0,143,0
1e:4f:53:de:ef:96,6,5.0,2.0,1.0,6.0,2.0,0.0,143,0
1e:5d:5a:5f:b9:9e,1,2.0,5.0,3.0,1.0,0.0,0.0,165,5
1e:80:78:e2:c8:53,1,1.0,5.0,3.0,1.0,0.0,0.0,165,5
1e:86:77:33:11:36,1,2.0,2.0,1.0,6.0,2.0,0.0,143,0
1e:a0:cc:00:80:81,1,3.0,2.0,1.0,6.0,2.0,0.0,143,0
1e:a1:3c:27:45:98,6,8.0,2.0,1.0,6.0,2.0,0.0,143,0
1e:a1:8e:6b:69:ef,11,11.0,2.0,1.0,6.0,0.0,0.0,113,4
1e:a4:06:f2:cf:5c,1,2.0,2.0,1.0,6.0,2.0,0.0,143,0
1e:b4:fe:91:28:05,6,10.0,2.0,1.0,6.0,2.0,0.0,143,0
1e:b7:62:37:3d:6e,1,3.0,2.0,1.0,6.0,2.0,0.0,143,0
1e:c5:39:53:5c:1c,11,11.0,2.0,1.0,6.0,2.0,0.0,131,2
1e:d4:7a:e0:b2:22,6,5.0,2.0,1.0,6.0,2.0,0.0,143,0
1e:ed:dd:70:50:3c,1,3.0,2.0,1.0,6.0,2.0,0.0,143,0
1e:ef:7a:b1:cb:79,11,11.0,5.0,3.0,1.0,0.0,0.0,153,6
1e:f7:52:c7:b6:61,6,6.0,2.0,1.0,6.0,2.0,0.0,143,0
22:1d:9e:80:95:38,6,7.0,2.0,1.0,6.0,2.0,0.0,143,0
22:2e:a6:1a:0b:ac,11,11.0,2.0,1.0,6.0,2.0,0.0,131,2
22:3b:2b:a9:ec:6a,1,1.0,2.0,1.0,6.0,2.0,0.0,143,0
22:3e:4c:53:c3:5a,1,1.0,2.0,1.0,6.0,2.0,0.0,143,0
22:44:7a:00:ad:dd,1,1.0,2.0,1.0,6.0,2.0,0.0,143,0
22:4c:39:05:75:d9,6,5.0,2.0,1.0,6.0,2.0,0.0,143,0
22:52:cc:04:97:71,1,1.0,5.0,3.0,1.0,0.0,0.0,165,5
22:62:7c:12:f9:12,11,11.0,2.0,1.0,6.0,2.0,0.0,131,2
22:68:3b:1d:d1:fe,6,7.0,2.0,1.0,6.0,2.0,0.0,143,0
22:6a:4a:62:b4:5b,6,8.0,2.0,1.0,6.0,2.0,0.0,143,0
22:73:38:15:8b:4e,11,11.0,5.0,3.0,1.0,0.0,0.0,153,6
22:8f:aa:fb:bf:51,11,11.0,2.0,1.0,6.0,2.0,0.0,131,2
22:a9:e7:ee:84:ca,11,11.0,2.0,1.0,6.0,2.0,0.0,131,2
22:ab:0b:d3:0c:eb,6,3.0,5.0,3.0,1.0,0.0,0.0,165,5
22:b3:6f:b4:c8:df,6,6.0,0.0,0.0,6.0,0.0,0.0,113,11
22:b5:79:0b:a7:c1,6,6.0,2.0,1.0,6.0,2.0,0.0,143,0
22:c6:6c:c7:bb:c9,1,2.0,2.0,1.0,6.0,2.0,0.0,143,0
22:e6:20:15:f6:0b,6,7.0,2.0,1.0,6.0,2.0,0.0,143,0
22:fb:85:84:17:de,1,1.0,2.0,1.0,6.0,2.0,0.0,143,0
25:26:23:d3:b9:6d,1,1.0,7.0,6.0,2.0,0.0,0.0,187,8
26:01:25:ea:d9:8b,6,6.0,2.0,1.0,6.0,0.0,0.0,113,4
26:0b:30:40:da:5d,1,3.0,2.0,1.0,6.0,2.0,0.0,143,0
26:31:d9:20:43:a1,1,1.0,2.0,1.0,6.0,2.0,0.0,143,0
26:34:5f:ed:f8:c5,1,2.0,2.0,1.0,6.0,2.0,0.0,143,0
26:38:39:65:87:9d,11,11.0,2.0,1.0,6.0,2.0,0.0,131,2
26:39:94:7f:77:fd,6,8.0,2.0,1.0,6.0,2.0,0.0,143,0
26:41:36:93:96:df,1,3.0,2.0,1.0,6.0,2.0,0.0,143,0
26:48:73:18:ff:30,6,7.0,2.0,1.0,6.0,2.0,0.0,143,0
26:54:19:8e:4c:c4,11,11.0,2.0,1.0,6.0,2.0,0.0,131,2
26:58:5d:7e:ce:f1,1,1.0,2.0,1.0,6.0,2.0,0.0,143,0
26:5a:cf:4f:16:30,1,1.0,2.0,1.0,6.0,2.0,0.0,143,0
26:6c:e0:e2:38:e5,11,11.0,2.0,1.0,6.0,0.0,0.0,113,4
26:72:45:ce:64:e1,1,3.0,2.0,1.0,6.0,2.0,0.0,143,0
26:7c:ff:6c:c2:66,11,11.0,5.0,3.0,1.0,0.0,0.0,153,6
26:82:28:7e:3d:81,6,11.0,2.0,1.0,6.0,2.0,0.0,143,0
26:88:c9:28:15:da,11,11.0,2.0,1.0,6.0,2.0,0.0,131,2
26:8e:81:fe:d8:46,11,11.0,2.0,1.0,6.0,2.0,0.0,131,2
26:96:46:07:cf:d5,6,5.0,2.0,1.0,6.0,2.0,0.0,143,0
26:9b:da:2b:cb:69,11,11.0,2.0,1.0,6.0,2.0,0.0,131,2
26:9c:1c:78:7e:2b,6,3.0,5.0,3.0,1.0,0.0,0.0,165,5
26:a2:31:ff:40:17,1,1.0,2.0,1.0,6.0,2.0,0.0,143,0
26:b0:7b:50:6f:c8,11,11.0,2.0,1.0,6.0,2.0,0.0,131,2
26:b3:46:5e:09:66,6,8.0,2.0,1.0,6.0,2.0,0.0,143,0
26:b3:b6:85:63:d2,11,11.0,2.0,1.0,6.0,2.0,0.0,131,2
26:b6:b0:3c:a8:3b,6,7.0,5.0,3.0,1.0,0.0,0.0,165,5
26:ba:1b:db:c6:be,6,7.0,2.0,1.0,6.0,2.0,0.0,143,0
26:bb:a6:1c:ac:08,1,1.0,2.0,1.0,6.0,2.0,0.0,143,0
26:c0:ec:a6:65:45,1,3.0,2.0,1.0,6.0,2.0,0.0,143,0
26:c7:c0:75:47:8f,11,11.0,0.0,0.0,6.0,0.0,0.0,113,11
26:de:0a:b9:10:86,6,2.0,2.0,1.0,6.0,2.0,0.0,143,0
26:f2:16:93:71:d8,6,6.0,2.0,1.0,6.0,2.0,0.0,143,0
26:f3:d3:8d:12:80,1,1.0,2.0,1.0,6.0,2.0,0.0,143,0
2a:03:52:48:bb:e1,6,8.0,2.0,1.0,6.0,2.0,0.0,143,0
2a:05:ff:5d:a1:19,1,2.0,2.0,1.0,6.0,2.0,0.0,143,0
2a:24:dc:96:1e:36,1,3.0,2.0,1.0,6.0,2.0,0.0,143,0
2a:28:88:93:a2:30,1,3.0,2.0,1.0,6.0,2.0,0.0,143,0
2a:2d:76:95:80:10,1,1.0,2.0,1.0,6.0,2.0,0.0,143,0
2a:39:fd:e9:36:bd,1,2.0,2.0,1.0,6.0,2.0,0.0,143,0
2a:42:9a:01:0c:dd,6,6.0,0.0,0.0,6.0,0.0,0.0,113,11
2a:42:ed:98:c7:9d,6,6.0,2.0,1.0,6.0,2.0,0.0,143,0
2a:43:68:e0:d3:ae,6,7.0,2.0,1.0,6.0,2.0,0.0,143,0
2a:4e:af:1a:16:71,1,2.0,2.0,1.0,6.0,2.0,0.0,143,0
2a:50:ac:49:60:8c,1,3.0,2.0,1.0,6.0,2.0,0.0,143,0
2a:5f:0e:a3:31:59,1,3.0,2.0,1.0,6.0,2.0,0.0,143,0
2a:67:0f:1f:b5:5d,6,5.0,2.0,1.0,6.0,2.0,0.0,143,0
2a:67:93:e3:36:58,1,1.0,2.0,1.0,6.0,2.0,0.0,143,0
2a:77:ea:f0:7e:3f,1,3.0,2.0,1.0,6.0,2.0,0.0,143,0
2a:86:09:47:a6:21,6,5.0,2.0,1.0,6.0,2.0,0.0,143,0
2a:99:06:8f:49:6a,11,12.0,2.0,1.0,6.0,2.0,0.0,131,2
2a:a3:5e:14:94:53,6,4.0,2.0,1.0,6.0,2.0,0.0,143,0
2a:b1:59:8e:53:71,6,6.0,2.0,1.0,6.0,2.0,0.0,143,0
2a:b5:36:85:fe:19,11,11.0,5.0,3.0,1.0,0.0,0.0,153,6
2a:b5:72:4e:45:60,6,6.0,2.0,1.0,6.0,2.0,0.0,143,0
2a:b5:74:5e:ee:70,6,8.0,2.0,1.0,6.0,2.0,0.0,143,0
2a:c1:69:be:65:0b,6,5.0,2.0,1.0,6.0,2.0,0.0,143,0
2a:c2:61:c5:ce:11,1,1.0,2.0,1.0,6.0,2.0,0.0,143,0
2a:d4:74:a0:73:62,1,2.0,2.0,1.0,6.0,2.0,0.0,143,0
2a:e3:9d:20:39:4f,6,6.0,2.0,1.0,6.0,2.0,0.0,143,0
2a:f6:42:55:a7:f9,11,11.0,2.0,1.0,6.0,2.0,0.0,131,2
2a:fc:7b:1a:9a:c3,6,6.0,5.0,3.0,1.0,0.0,0.0,165,5
2e:08:25:65:93:3b,6,5.0,2.0,1.0,6.0,0.0,0.0,113,4
2e:0f:59:bc:81:a9,6,6.0,2.0,1.0,6.0,2.0,0.0,143,0
2e:25:fa:2b:11:9e,6,5.0,2.0,1.0,6.0,2.0,0.0,143,0
2e:2d:44:3c:a2:6a,6,6.0,2.0,1.0,6.0,2.0,0.0,143,0
2e:2f:22:11:ea:83,6,7.0,2.0,1.0,6.0,2.0,0.0,143,0
2e:2f:7f:ee:b9:87,6,8.0,2.0,1.0,6.0,0.0,0.0,113,4
2e:3b:c6:30:0a:76,1,2.0,2.0,1.0,6.0,2.0,0.0,143,0
2e:4e:79:7a:5d:7c,1,2.0,2.0,1.0,6.0,2.0,0.0,143,0
2e:60:43:d0:55:a3,11,11.0,5.0,5.0,1.0,0.0,0.0,143,7
2e:61:3d:8e:e4:33,1,3.0,2.0,1.0,6.0,2.0,0.0,143,0
2e:67:1e:f1:b0:4b,1,1.0,2.0,1.0,6.0,2.0,0.0,143,0
2e:74:96:13:f2:ad,6,5.0,2.0,1.0,6.0,2.0,0.0,143,0
2e:79:49:56:7b:23,1,3.0,2.0,1.0,6.0,2.0,0.0,143,0
2e:7d:b3:56:bf:4a,6,5.0,2.0,1.0,6.0,2.0,0.0,143,0
2e:7e:ff:a0:02:fe,1,1.0,2.0,1.0,6.0,2.0,0.0,143,0
2e:8d:70:b7:9d:9a,1,2.0,2.0,1.0,6.0,2.0,0.0,143,0
2e:90:47:2f:cf:70,1,2.0,2.0,1.0,6.0,2.0,0.0,143,0
2e:93:e2:3c:1b:b6,6,8.0,2.0,1.0,6.0,2.0,0.0,143,0
2e:ac:ad:ee:b5:22,6,6.0,2.0,1.0,6.0,2.0,0.0,143,0
2e:ad:f5:89:0f:4b,11,12.0,2.0,1.0,6.0,0.0,0.0,113,4
2e:b8:ed:77:8c:3c,6,11.0,2.0,1.0,6.0,2.0,0.0,143,0
2e:c2:31:b0:0f:fa,11,11.0,5.0,5.0,1.0,0.0,0.0,143,7
2e:c6:5a:10:0f:51,6,5.0,2.0,1.0,6.0,2.0,0.0,143,0
2e:d2:16:4a:ca:db,1,2.0,2.0,1.0,6.0,2.0,0.0,143,0
2e:ed:d1:1b:e9:f9,6,2.0,2.0,1.0,6.0,2.0,0.0,143,0
32:07:8f:ec:18:3c,6,7.0,2.0,1.0,6.0,0.0,0.0,113,4
32:09:b2:4c:9c:35,6,8.0,2.0,1.0,6.0,2.0,0.0,143,0
32:24:66:49:7b:7e,6,8.0,2.0,1.0,6.0,2.0,0.0,143,0
32:29:1d:24:5f:d6,1,1.0,2.0,1.0,6.0,2.0,0.0,143,0
32:29:3e:a1:f5:95,11,11.0,2.0,1.0,6.0,2.0,0.0,131,2
32:3b:66:85:8b:5c,6,7.0,2.0,1.0,6.0,2.0,0.0,143,0
32:40:28:c3:78:b0,6,6.0,2.0,1.0,6.0,2.0,0.0,143,0
32:4a:d8:f8:45:c0,6,7.0,2.0,1.0,6.0,2.0,0.0,143,0
32:50:ff:da:55:41,1,2.0,2.0,1.0,6.0,2.0,0.0,143,0
32:52:19:30:2d:72,6,5.0,2.0,1.0,6.0,2.0,0.0,143,0
32:55:bd:f3:bd:53,1,3.0,2.0,1.0,6.0,2.0,0.0,143,0
32:58:5a:05:d2:31,6,6.0,0.0,0.0,6.0,0.0,0.0,113,11
32:69:3f:a8:3c:17,6,4.0,5.0,3.0,1.0,0.0,0.0,165,5
32:6b:fe:6e:0a:fe,11,12.0,2.0,1.0,6.0,0.0,0.0,113,4
32:78:93:79:b7:cd,6,7.0,2.0,1.0,6.0,2.0,0.0,143,0
32:a3:f4:4a:af:04,11,11.0,5.0,5.0,1.0,0.0,0.0,143,7
32:aa:3a:e4:f1:8e,6,8.0,2.0,1.0,6.0,2.0,0.0,143,0
32:ac:20:c3:0f:ac,6,8.0,2.0,1.0,6.0,2.0,0.0,143,0
32:ba:29:d0:b6:85,6,6.0,2.0,1.0,6.0,2.0,0.0,143,0
32:c6:ab:1d:f2:79,11,11.0,2.0,1.0,6.0,2.0,0.0,131,2
32:ce:c7:8a:4f:0f,1,1.0,2.0,1.0,6.0,2.0,0.0,143,0
32:df:0e:b2:83:6d,6,6.0,5.0,3.0,1.0,0.0,0.0,165,5
32:f6:d8:f0:b8:85,1,1.0,2.0,1.0,6.0,2.0,0.0,143,0
32:fd:48:e1:d6:18,6,6.0,2.0,1.0,6.0,2.0,0.0,143,0
36:1c:34:63:5a:d0,1,3.0,2.0,1.0,6.0,2.0,0.0,143,0
36:2c:0c:48:29:d0,1,3.0,2.0,1.0,6.0,2.0,0.0,143,0
36:2c:21:ef:89:80,6,5.0,2.0,1.0,6.0,2.0,0.0,143,0
36:2e:44:cc:8e:4c,6,7.0,2.0,1.0,6.0,2.0,0.0,143,0
36:34:97:e6:81:71,11,11.0,2.0,1.0,6.0,2.0,0.0,131,2
36:38:80:cf:88:6b,6,6.0,2.0,1.0,6.0,2.0,0.0,143,0
36:3b:b1:5c:ca:de,11,11.0,2.0,1.0,6.0,2.0,0.0,131,2
36:3b:c8:21:96:d1,1,3.0,2.0,1.0,6.0,2.0,0.0,143,0
36:43:02:f3:e9:b5,11,11.0,2.0,1.0,6.0,2.0,0.0,131,2
36:55:b1:72:2c:de,6,7.0,2.0,1.0,6.0,2.0,0.0,143,0
36:65:81:ae:2f:73,11,12.0,2.0,1.0,6.0,0.0,0.0,113,4
36:67:48:da:51:fb,6,6.0,2.0,1.0,6.0,2.0,0.0,143,0
36:68:9a:aa:b8:38,11,11.0,2.0,1.0,6.0,2.0,0.0,131,2
36:76:a3:2e:ff:e5,1,1.0,2.0,1.0,6.0,2.0,0.0,143,0
36:85:35:1c:44:6a,1,1.0,2.0,1.0,6.0,2.0,0.0,143,0
36:9d:60:a4:ff:d0,6,7.0,2.0,1.0,6.0,2.0,0.0,143,0
36:a8:f3:cb:a1:df,6,6.0,2.0,1.0,6.0,2.0,0.0,143,0
36:ec:11:82:73:d8,1,2.0,2.0,1.0,6.0,2.0,0.0,143,0
36:f1:a4:89:f9:f0,1,1.0,2.0,1.0,6.0,2.0,0.0,143,0
36:f7:e7:1c:10:1a,6,5.0,2.0,1.0,6.0,2.0,0.0,143,0
3a:02:ef:92:51:29,6,5.0,5.0,3.0,1.0,0.0,0.0,165,5
3a:1a:80:1c:df:93,6,7.0,2.0,1.0,6.0,2.0,0.0,143,0
3a:1c:87:6e:ed:11,11,11.0,2.0,1.0,6.0,2.0,0.0,131,2
3a:1c:b3:23:b9:59,6,7.0,2.0,1.0,6.0,2.0,0.0,143,0
3a:25:2f:af:25:82,1,1.0,2.0,1.0,6.0,2.0,0.0,143,0
3a:53:7f:6f:c2:cd,11,11.0,2.0,1.0,6.0,2.0,0.0,131,2
3a:58:81:e6:43:7c,6,6.0,2.0,1.0,6.0,2.0,0.0,143,0
3a:58:d9:b8:1a:75,6,6.0,2.0,1.0,6.0,2.0,0.0,143,0
3a:64:d4:9c:03:ed,6,7.0,2.0,1.0,6.0,0.0,0.0,113,4
3a:96:1e:07:1c:d5,1,1.0,2.0,1.0,6.0,2.0,0.0,143,0
3a:9a:9a:c2:93:c6,1,2.0,2.0,1.0,6.0,2.0,0.0,143,0
3a:a0:93:e7:b1:88,6,5.0,2.0,1.0,6.0,2.0,0.0,143,0
3a:a5:8a:c7:4f:ad,1,2.0,2.0,1.0,6.0,2.0,0.0,143,0
3a:c1:7b:e7:c4:0b,6,7.0,2.0,1.0,6.0,2.0,0.0,143,0
3a:d2:25:b6:05:e6,6,8.0,5.0,3.0,1.0,0.0,0.0,165,5
3a:d2:39:76:17:d3,11,11.0,2.0,1.0,6.0,2.0,0.0,131,2
3a:d8:b6:13:ec:41,6,7.0,2.0,1.0,6.0,2.0,0.0,143,0
3a:d9:2e:56:79:0a,1,1.0,5.0,3.0,1.0,0.0,0.0,165,5
3a:fa:36:1e:52:3b,1,2.0,2.0,1.0,6.0,2.0,0.0,143,0
3a:fa:5f:e5:bf:a5,1,3.0,2.0,1.0,6.0,2.0,0.0,143,0
3e:29:e2:27:ec:84,11,11.0,2.0,1.0,6.0,2.0,0.0,131,2
3e:30:64:48:80:34,1,3.0,2.0,1.0,6.0,2.0,0.0,143,0
3e:37:b9:1b:87:96,1,2.0,2.0,1.0,6.0,2.0,0.0,143,0
3e:37:e4:5e:3e:ad,1,1.0,2.0,1.0,6.0,2.0,0.0,143,0
3e:38:d5:cb:85:37,1,3.0,2.0,1.0,6.0,2.0,0.0,143,0
3e:39:22:86:2c:6d,1,1.0,2.0,1.0,6.0,2.0,0.0,143,0
3e:40:d2:20:0b:37,6,5.0,2.0,1.0,6.0,2.0,0.0,143,0
3e:45:d3:45:bf:ab,6,5.0,2.0,1.0,6.0,2.0,0.0,143,0
3e:47:15:9c:15:96,11,11.0,2.0,1.0,6.0,2.0,0.0,131,2
3e:4d:67:ed:61:1c,6,6.0,2.0,1.0,6.0,2.0,0.0,143,0
3e:4d:e5:d3:c3:ae,1,3.0,2.0,1.0,6.0,2.0,0.0,143,0
3e:53:2b:07:1c:c5,6,5.0,2.0,1.0,6.0,2.0,0.0,143,0
3e:67:70:61:ae:8b,11,9.0,2.0,1.0,6.0,0.0,0.0,113,4
3e:6b:fc:ca:01:8c,6,6.0,2.0,1.0,6.0,2.0,0.0,143,0
3e:71:3d:2d:7c:de,11,11.0,2.0,1.0,6.0,0.0,0.0,113,4
3e:7f:d7:81:10:83,1,3.0,2.0,1.0,6.0,2.0,0.0,143,0
3e:81:65:b4:93:24,6,5.0,2.0,1.0,6.0,2.0,0.0,143,0
3e:87:3b:5f:90:0f,1,1.0,2.0,1.0,6.0,2.0,0.0,143,0
3e:8d:58:d8:7d:46,6,8.0,2.0,1.0,6.0,2.0,0.0,143,0
3e:91:b7:59:ff:06,6,5.0,2.0,1.0,6.0,2.0,0.0,143,0
3e:a2:4b:2a:25:d7,1,1.0,2.0,1.0,6.0,2.0,0.0,143,0
3e:d7:6b:50:0f:17,6,5.0,2.0,1.0,6.0,2.0,0.0,143,0
3e:dd:6f:68:18:5d,1,1.0,0.0,0.0,6.0,0.0,0.0,101,10
3e:e0:67:87:58:1d,6,7.0,2.0,1.0,6.0,2.0,0.0,143,0
3e:e8:85:38:0d:99,11,11.0,2.0,1.0,6.0,0.0,0.0,113,4
40:f3:08:d8:f3:08,11,9.0,1.0,0.0,0.0,0.0,0.0,165,12
42:19:58:6e:cb:80,6,6.0,0.0,0.0,6.0,0.0,0.0,113,11
42:3b:3e:6d:2d:ab,1,2.0,2.0,1.0,6.0,2.0,0.0,143,0
42:3c:27:cd:6c:1c,6,5.0,2.0,1.0,6.0,2.0,0.0,143,0
42:4a:b1:18:b1:73,11,11.0,0.0,0.0,6.0,0.0,0.0,113,11
42:4e:24:26:0f:88,6,7.0,2.0,1.0,6.0,2.0,0.0,143,0
42:52:e2:7f:09:7a,1,3.0,5.0,3.0,1.0,0.0,0.0,165,5
42:5a:e0:2d:1a:74,1,1.0,2.0,1.0,6.0,2.0,0.0,143,0
42:7f:b7:2d:b2:cf,1,2.0,2.0,1.0,6.0,2.0,0.0,143,0
42:82:20:ac:f8:91,11,11.0,2.0,1.0,6.0,2.0,0.0,131,2
42:a0:c9:55:b2:5f,6,5.0,2.0,1.0,6.0,2.0,0.0,143,0
42:b1:98:56:e4:02,1,1.0,5.0,3.0,1.0,0.0,0.0,165,5
42:bf:f4:30:96:ca,1,3.0,2.0,1.0,6.0,2.0,0.0,143,0
42:dd:51:ce:14:1d,1,3.0,2.0,1.0,6.0,2.0,0.0,143,0
42:ec:c6:24:d0:f5,1,1.0,0.0,0.0,6.0,0.0,0.0,101,10
42:ee:04:7f:cf:56,6,5.0,5.0,3.0,1.0,0.0,0.0,165,5
42:f7:c4:4d:e8:2c,11,11.0,2.0,1.0,6.0,2.0,0.0,131,2
42:fd:d6:b2:b9:0d,11,11.0,5.0,3.0,1.0,0.0,0.0,153,6
46:0e:2c:94:d4:5d,6,6.0,2.0,1.0,6.0,2.0,0.0,143,0
46:20:c5:e8:d6:3c,11,11.0,2.0,1.0,6.0,2.0,0.0,131,2
46:24:6f:9e:ac:df,1,3.0,2.0,1.0,6.0,2.0,0.0,143,0
46:31:55:ad:8d:fc,1,1.0,0.0,0.0,6.0,0.0,0.0,101,10
46:40:44:fb:c3:bf,1,1.0,2.0,1.0,6.0,2.0,0.0,143,0
46:40:6b:7f:67:75,6,6.0,0.0,0.0,6.0,0.0,0.0,113,11
46:51:13:64:da:2a,1,1.0,2.0,1.0,6.0,2.0,0.0,143,0
46:55:2a:52:ec:8f,6,7.0,2.0,1.0,6.0,2.0,0.0,143,0
46:55:af:78:86:01,11,11.0,2.0,1.0,6.0,0.0,0.0,113,4
46:5b:ce:ef:fc:bf,6,6.0,2.0,1.0,6.0,2.0,0.0,143,0
46:75:53:9f:d6:1e,1,3.0,2.0,1.0,6.0,2.0,0.0,143,0
46:7c:f5:7b:dd:8e,1,2.0,2.0,1.0,6.0,2.0,0.0,143,0
46:83:96:f1:53:22,11,11.0,5.0,5.0,1.0,0.0,0.0,143,7
46:87:51:06:b3:cb,1,1.0,2.0,1.0,6.0,2.0,0.0,143,0
46:8e:7f:1f:30:68,1,1.0,7.0,6.0,2.0,0.0,0.0,187,8
46:90:dc:c0:db:ff,6,8.0,2.0,1.0,6.0,2.0,0.0,143,0
46:c1:bd:b9:e7:8c,1,2.0,2.0,1.0,6.0,2.0,0.0,143,0
46:c9:7d:ef:44:67,6,8.0,2.0,1.0,6.0,2.0,0.0,143,0
46:d7:39:cb:c2:15,6,8.0,2.0,1.0,6.0,2.0,0.0,143,0
46:df:10:33:e0:ec,6,8.0,2.0,1.0,6.0,2.0,0.0,143,0
46:e4:13:04:63:8c,6,8.0,2.0,1.0,6.0,2.0,0.0,143,0
4a:00:af:41:31:b7,6,5.0,2.0,1.0,6.0,2.0,0.0,143,0
4a:09:c0:37:b9:a3,6,6.0,2.0,1.0,6.0,2.0,0.0,143,0
4a:0a:79:7e:1b:a6,6,7.0,2.0,1.0,6.0,2.0,0.0,143,0
4a:0f:ad:3b:83:45,6,7.0,2.0,1.0,6.0,2.0,0.0,143,0
4a:1e:1d:9c:9e:f9,6,5.0,2.0,1.0,6.0,2.0,0.0,143,0
4a:29:c4:b8:5f:7e,11,11.0,2.0,1.0,6.0,2.0,0.0,131,2
4a:2a:1d:0b:19:d0,6,5.0,2.0,1.0,6.0,2.0,0.0,143,0
4a:2c:51:87:c5:b7,6,6.0,2.0,1.0,6.0,2.0,0.0,143,0
4a:2c:75:92:5a:8a,1,2.0,2.0,1.0,6.0,2.0,0.0,143,0
4a:35:81:60:aa:3e,11,11.0,2.0,1.0,6.0,2.0,0.0,131,2
4a:3a:ec:8a:d4:4a,1,3.0,2.0,1.0,6.0,2.0,0.0,143,0
4a:4d:e2:86:98:9d,1,1.0,2.0,1.0,6.0,2.0,0.0,143,0
4a:54:84:a4:20:d8,1,2.0,2.0,1.0,6.0,2.0,0.0,143,0
4a:54:8e:ed:4d:bd,6,6.0,5.0,3.0,1.0,0.0,0.0,165,5
4a:58:c0:e3:e3:0c,1,1.0,2.0,1.0,6.0,2.0,0.0,143,0
4a:7b:64:78:70:12,6,6.0,2.0,1.0,6.0,2.0,0.0,143,0
4a:85:cc:01:6c:b4,1,1.0,2.0,1.0,6.0,2.0,0.0,143,0
4a:97:2a:ad:96:86,1,3.0,2.0,1.0,6.0,2.0,0.0,143,0
4a:9b:77:db:6d:46,1,3.0,2.0,1.0,6.0,2.0,0.0,143,0
4a:bf:60:ea:3c:d8,11,11.0,2.0,1.0,6.0,2.0,0.0,131,2
4a:c5:20:e1:a6:82,6,5.0,2.0,1.0,6.0,2.0,0.0,143,0
4a:d1:fc:7a:98:f4,6,8.0,2.0,1.0,6.0,2.0,0.0,143,0
4a:d2:00:f7:82:37,6,6.0,2.0,1.0,6.0,2.0,0.0,143,0
4a:d8:5a:42:2f:6d,1,3.0,2.0,1.0,6.0,2.0,0.0,143,0
4a:da:6e:28:dd:b4,1,3.0,2.0,1.0,6.0,2.0,0.0,143,0
4a:e4:8e:8c:84:39,6,8.0,2.0,1.0,6.0,2.0,0.0,143,0
4a:fb:13:0a:56:44,1,1.0,2.0,1.0,6.0,2.0,0.0,143,0
4e:04:33:f2:91:a9,6,9.0,5.0,3.0,1.0,0.0,0.0,165,5
4e:07:2e:ba:b3:0b,6,6.0,2.0,1.0,6.0,2.0,0.0,143,0
4e:13:b6:b3:82:39,11,11.0,2.0,1.0,6.0,2.0,0.0,131,2
4e:2a:d2:e3:bd:0f,11,11.0,5.0,5.0,1.0,0.0,0.0,143,7
4e:2c:18:c3:17:59,6,7.0,2.0,1.0,6.0,2.0,0.0,143,0
4e:2e:40:2b:d8:f0,1,2.0,2.0,1.0,6.0,2.0,0.0,143,0
4e:39:61:5a:c8:78,6,6.0,2.0,1.0,6.0,2.0,0.0,143,0
4e:3c:d3:e7:41:74,6,7.0,2.0,1.0,6.0,2.0,0.0,143,0
4e:56:30:ad:99:eb,6,3.0,5.0,3.0,1.0,0.0,0.0,165,5
4e:70:9d:7a:02:16,1,1.0,2.0,1.0,6.0,2.0,0.0,143,0
4e:76:b3:29:3d:87,6,6.0,2.0,1.0,6.0,2.0,0.0,143,0
4e:83:76:50:b0:38,6,7.0,2.0,1.0,6.0,2.0,0.0,143,0
4e:85:52:74:1f:44,1,1.0,2.0,1.0,6.0,2.0,0.0,143,0
4e:9f:0e:53:cd:88,6,6.0,2.0,1.0,6.0,2.0,0.0,143,0
4e:9f:86:b9:6b:5e,1,1.0,2.0,1.0,6.0,2.0,0.0,143,0
4e:c3:c7:2a:65:37,6,1.0,2.0,1.0,6.0,2.0,0.0,143,0
4e:ce:71:db:13:5f,1,2.0,2.0,1.0,6.0,2.0,0.0,143,0
4e:fd:03:0c:50:1a,6,7.0,2.0,1.0,6.0,2.0,0.0,143,0
52:0f:0b:6c:4d:98,1,1.0,2.0,1.0,6.0,2.0,0.0,143,0
52:19:dc:a7:0e:48,1,3.0,2.0,1.0,6.0,2.0,0.0,143,0
52:22:71:63:d6:59,6,7.0,2.0,1.0,6.0,2.0,0.0,143,0
52:36:36:98:23:9b,1,1.0,2.0,1.0,6.0,2.0,0.0,143,0
52:41:20:78:62:89,6,7.0,2.0,1.0,6.0,2.0,0.0,143,0
52:42:fd:50:2d:1d,6,7.0,2.0,1.0,6.0,2.0,0.0,143,0
52:48:1c:07:5a:3a,6,7.0,2.0,1.0,6.0,2.0,0.0,143,0
52:48:30:46:55:ac,6,8.0,2.0,1.0,6.0,2.0,0.0,143,0
52:4b:d7:8a:83:7d,6,6.0,2.0,1.0,6.0,2.0,0.0,143,0
52:51:97:59:75:7a,11,11.0,5.0,3.0,1.0,0.0,0.0,153,6
52:59:9e:c8:ae:53,1,1.0,2.0,1.0,6.0,2.0,0.0,143,0
52:5a:08:6e:bf:3b,6,7.0,2.0,1.0,6.0,2.0,0.0,143,0
52:5b:a9:f7:78:04,6,6.0,2.0,1.0,6.0,2.0,0.0,143,0
52:67:63:b5:f4:4a,1,1.0,2.0,1.0,6.0,2.0,0.0,143,0
52:73:6c:49:86:c3,6,7.0,2.0,1.0,6.0,2.0,0.0,143,0
52:73:8f:55:4e:59,1,3.0,2.0,1.0,6.0,2.0,0.0,143,0
52:90:f0:60:ad:d4,1,2.0,2.0,1.0,6.0,2.0,0.0,143,0
52:95:b4:77:cc:b4,11,11.0,5.0,3.0,1.0,0.0,0.0,153,6
52:a9:2b:6a:fb:87,6,6.0,2.0,1.0,6.0,2.0,0.0,143,0
52:ac:28:7b:59:0c,6,8.0,2.0,1.0,6.0,2.0,0.0,143,0
52:b8:88:b7:8c:7c,6,8.0,2.0,1.0,6.0,2.0,0.0,143,0
52:c2:0a:3b:1e:2f,1,3.0,2.0,1.0,6.0,2.0,0.0,143,0
52:e2:48:5a:30:37,11,11.0,5.0,5.0,1.0,0.0,0.0,143,7
52:e4:a2:3a:f1:ab,6,4.0,2.0,1.0,6.0,2.0,0.0,143,0
52:ea:13:53:9c:ff,11,11.0,2.0,1.0,6.0,2.0,0.0,131,2
52:ea:ae:98:3c:92,1,3.0,2.0,1.0,6.0,2.0,0.0,143,0
52:ef:ac:79:69:33,1,2.0,2.0,1.0,6.0,2.0,0.0,143,0
52:fb:2c:f4:a5:66,1,3.0,2.0,1.0,6.0,2.0,0.0,143,0
55:7e:6d:7d:93:aa,1,1.0,7.0,4.0,2.0,0.0,0.0,155,9
56:10:05:90:77:8b,6,6.0,2.0,1.0,6.0,2.0,0.0,143,0
56:1a:94:21:8a:d2,1,3.0,2.0,1.0,6.0,2.0,0.0,143,0
56:25:45:d4:82:5a,1,3.0,2.0,1.0,6.0,2.0,0.0,143,0
56:2a:f7:32:26:56,6,5.0,5.0,3.0,1.0,0.0,0.0,165,5
56:3b:a2:72:00:db,6,6.0,2.0,1.0,6.0,2.0,0.0,143,0
56:3e:ff:7b:07:3a,1,3.0,2.0,1.0,6.0,2.0,0.0,143,0
56:47:1d:02:b1:2b,11,11.0,2.0,1.0,6.0,2.0,0.0,131,2
56:68:a1:8f:92:45,11,11.0,2.0,1.0,6.0,2.0,0.0,131,2
56:6c:a0:c7:83:06,1,1.0,2.0,1.0,6.0,2.0,0.0,143,0
56:71:53:13:23:de,1,2.0,2.0,1.0,6.0,2.0,0.0,143,0
56:86:62:b7:4a:ae,1,3.0,2.0,1.0,6.0,2.0,0.0,143,0
56:a2:89:1c:54:24,6,8.0,2.0,1.0,6.0,2.0,0.0,143,0
56:a3:1d:69:48:b0,11,11.0,2.0,1.0,6.0,2.0,0.0,131,2
56:a7:54:d2:72:7c,11,11.0,2.0,1.0,6.0,2.0,0.0,131,2
56:b6:1d:1c:2b:5d,6,6.0,2.0,1.0,6.0,2.0,0.0,143,0
56:bb:63:5e:82:b1,1,3.0,2.0,1.0,6.0,2.0,0.0,143,0
56:c2:2e:16:a2:b6,6,8.0,2.0,1.0,6.0,2.0,0.0,143,0
56:cb:5f:cb:93:eb,1,1.0,2.0,1.0,6.0,2.0,0.0,143,0
56:fa:73:1d:5a:9c,1,1.0,2.0,1.0,6.0,2.0,0.0,143,0
5a:01:dc:6b:3a:dd,6,8.0,2.0,1.0,6.0,2.0,0.0,143,0
5a:07:e0:38:b6:25,1,2.0,5.0,3.0,1.0,0.0,0.0,165,5
5a:25:01:82:3e:2e,6,1.0,2.0,1.0,6.0,2.0,0.0,143,0
5a:2f:0c:af:18:7e,1,2.0,2.0,1.0,6.0,2.0,0.0,143,0
5a:38:9f:85:6d:e6,11,11.0,0.0,0.0,6.0,0.0,0.0,113,11
5a:3b:11:4d:b0:35,11,11.0,2.0,1.0,6.0,2.0,0.0,131,2
5a:57:ac:a0:18:ca,1,2.0,2.0,1.0,6.0,2.0,0.0,143,0
5a:5d:f4:2e:8d:f6,6,5.0,2.0,1.0,6.0,2.0,0.0,143,0
5a:69:64:43:56:a4,11,11.0,2.0,1.0,6.0,2.0,0.0,131,2
5a:6b:2c:9b:26:ec,6,4.0,5.0,3.0,1.0,0.0,0.0,165,5
5a:6d:5a:9e:54:a5,11,9.0,2.0,1.0,6.0,0.0,0.0,113,4
5a:7f:04:5b:42:e2,6,7.0,2.0,1.0,6.0,2.0,0.0,143,0
5a:7f:61:ba:65:00,1,3.0,2.0,1.0,6.0,2.0,0.0,143,0
5a:8d:23:2f:8d:e4,11,11.0,2.0,1.0,6.0,2.0,0.0,131,2
5a:99:6d:de:8f:e5,6,6.0,2.0,1.0,6.0,2.0,0.0,143,0
5a:9a:e8:99:2d:be,1,1.0,2.0,1.0,6.0,2.0,0.0,143,0
5a:a9:9b:8b:34:d1,6,10.0,2.0,1.0,6.0,2.0,0.0,143,0
5a:b0:dc:84:78:c4,6,7.0,2.0,1.0,6.0,2.0,0.0,143,0
5a:b4:53:13:6a:78,11,11.0,2.0,1.0,6.0,2.0,0.0,131,2
5a:b7:d7:c5:2c:b6,6,7.0,2.0,1.0,6.0,2.0,0.0,143,0
5a:b8:72:72:51:1c,6,5.0,2.0,1.0,6.0,2.0,0.0,143,0
5a:d2:28:2e:fd:48,6,5.0,2.0,1.0,6.0,2.0,0.0,143,0
5a:d4:5d:63:75:de,11,11.0,2.0,1.0,6.0,2.0,0.0,131,2
5a:d7:4c:d9:23:fd,1,3.0,2.0,1.0,6.0,2.0,0.0,143,0
5a:df:9d:f8:8e:ec,1,1.0,2.0,1.0,6.0,2.0,0.0,143,0
5a:f2:7b:8d:f2:c1,1,1.0,7.0,6.0,2.0,0.0,0.0,187,8
5a:fd:27:85:28:82,6,6.0,2.0,1.0,6.0,2.0,0.0,143,0
5e:00:d4:7b:37:37,6,5.0,2.0,1.0,6.0,2.0,0.0,143,0
5e:03:09:7c:c9:75,1,1.0,5.0,3.0,1.0,0.0,0.0,165,5
5e:08:27:69:c3:9e,11,13.0,2.0,1.0,6.0,0.0,0.0,113,4
5e:0f:c2:f2:1b:54,1,3.0,2.0,1.0,6.0,2.0,0.0,143,0
5e:2d:03:e7:ed:b1,1,3.0,2.0,1.0,6.0,2.0,0.0,143,0
5e:3d:44:ee:3d:d3,1,3.0,2.0,1.0,6.0,2.0,0.0,143,0
5e:55:fb:18:68:5c,6,6.0,2.0,1.0,6.0,2.0,0.0,143,0
5e:6e:31:45:d9:62,11,11.0,0.0,0.0,6.0,0.0,0.0,113,11
5e:7d:7a:d1:41:d1,6,8.0,2.0,1.0,6.0,2.0,0.0,143,0
5e:7e:37:1f:31:13,6,8.0,2.0,1.0,6.0,2.0,0.0,143,0
5e:80:f2:1d:5a:6f,6,6.0,2.0,1.0,6.0,2.0,0.0,143,0
5e:83:0e:10:a4:30,1,2.0,2.0,1.0,6.0,2.0,0.0,143,0
5e:84:b2:ee:fe:7b,1,2.0,2.0,1.0,6.0,2.0,0.0,143,0
5e:8c:a2:95:69:89,11,11.0,5.0,5.0,1.0,0.0,0.0,143,7
5e:a1:b7:98:d6:4d,6,8.0,2.0,1.0,6.0,2.0,0.0,143,0
5e:c0:65:e9:c8:7a,6,6.0,2.0,1.0,6.0,2.0,0.0,143,0
5e:c8:7d:ae:a9:21,1,2.0,2.0,1.0,6.0,2.0,0.0,143,0
5e:ca:3a:6e:9d:82,6,6.0,2.0,1.0,6.0,2.0,0.0,143,0
5e:d2:91:8b:3a:ad,6,6.0,5.0,3.0,1.0,0.0,0.0,165,5
5e:e6:36:a2:85:f1,11,11.0,0.0,0.0,6.0,0.0,0.0,113,11
5e:fb:64:07:e7:50,1,3.0,2.0,1.0,6.0,2.0,0.0,143,0
62:25:48:7b:87:36,6,6.0,0.0,0.0,6.0,0.0,0.0,113,11
62:2b:93:e2:5b:94,6,6.0,2.0,1.0,6.0,2.0,0.0,143,0
62:38:e8:4d:3f:10,6,6.0,2.0,1.0,6.0,2.0,0.0,143,0
62:5a:14:cf:03:6b,1,2.0,2.0,1.0,6.0,2.0,0.0,143,0
62:6e:64:94:69:09,11,11.0,2.0,1.0,6.0,2.0,0.0,131,2
62:76:ee:e6:82:6d,6,8.0,2.0,1.0,6.0,2.0,0.0,143,0
62:79:75:ca:83:fa,11,11.0,5.0,5.0,1.0,0.0,0.0,143,7
62:7d:59:ed:97:5d,6,8.0,2.0,1.0,6.0,2.0,0.0,143,0
62:7f:67:d8:95:16,1,3.0,2.0,1.0,6.0,2.0,0.0,143,0
62:86:c8:0e:f1:7f,11,11.0,0.0,0.0,6.0,0.0,0.0,113,11
62:8f:6d:d0:e5:2a,6,7.0,2.0,1.0,6.0,2.0,0.0,143,0
62:a2:53:40:e5:6a,11,11.0,2.0,1.0,6.0,2.0,0.0,131,2
62:ad:31:09:7a:b2,11,11.0,2.0,1.0,6.0,2.0,0.0,131,2
62:b4:94:0d:d4:53,1,3.0,2.0,1.0,6.0,2.0,0.0,143,0
62:b7:0e:f2:7c:d1,1,2.0,2.0,1.0,6.0,2.0,0.0,143,0
62:b9:11:1e:1d:e4,6,5.0,2.0,1.0,6.0,2.0,0.0,143,0
62:c1:62:0b:7d:42,11,11.0,2.0,1.0,6.0,0.0,0.0,113,4
62:c4:f6:06:c0:19,6,2.0,2.0,1.0,6.0,2.0,0.0,143,0
62:ca:a9:03:ae:63,6,5.0,2.0,1.0,6.0,2.0,0.0,143,0
62:e0:43:d7:d0:20,6,6.0,2.0,1.0,6.0,2.0,0.0,143,0
62:e9:d4:4b:63:b9,6,7.0,2.0,1.0,6.0,2.0,0.0,143,0
62:ef:f8:78:5c:b1,1,1.0,5.0,3.0,1.0,0.0,0.0,165,5
66:0f:a5:2c:99:35,6,7.0,2.0,1.0,6.0,2.0,0.0,143,0
66:11:27:83:50:ef,6,8.0,2.0,1.0,6.0,2.0,0.0,143,0
66:1b:72:54:a4:6f,11,11.0,5.0,3.0,1.0,0.0,0.0,153,6
66:24:36:22:4b:c4,6,6.0,2.0,1.0,6.0,2.0,0.0,143,0
66:29:97:26:a9:64,1,1.0,2.0,1.0,6.0,2.0,0.0,143,0
66:2c:96:2d:04:61,6,6.0,2.0,1.0,6.0,2.0,0.0,143,0
66:39:a1:64:9d:a9,1,3.0,2.0,1.0,6.0,2.0,0.0,143,0
66:43:29:dd:87:95,11,11.0,2.0,1.0,6.0,0.0,0.0,113,4
66:47:67:df:51:d4,11,11.0,2.0,1.0,6.0,2.0,0.0,131,2
66:5d:ca:6c:c8:1c,11,11.0,2.0,1.0,6.0,2.0,0.0,131,2
66:60:71:cf:ed:15,6,5.0,2.0,1.0,6.0,2.0,0.0,143,0
66:65:0d:ec:c1:9d,6,7.0,2.0,1.0,6.0,2.0,0.0,143,0
66:8c:bd:c1:4e:f0,1,2.0,2.0,1.0,6.0,2.0,0.0,143,0
66:ab:e9:e3:f2:b3,6,7.0,2.0,1.0,6.0,2.0,0.0,143,0
66:d2:3f:ab:d8:b5,6,5.0,2.0,1.0,6.0,2.0,0.0,143,0
66:db:cf:ea:0b:99,6,5.0,2.0,1.0,6.0,2.0,0.0,143,0
66:dc:74:ce:22:38,1,3.0,2.0,1.0,6.0,2.0,0.0,143,0
66:df:0c:34:2c:25,6,7.0,2.0,1.0,6.0,2.0,0.0,143,0
66:df:f5:99:22:a8,11,11.0,2.0,1.0,6.0,2.0,0.0,131,2
66:e4:b4:67:1b:36,1,2.0,2.0,1.0,6.0,2.0,0.0,143,0
66:eb:f0:4a:ec:bc,6,6.0,2.0,1.0,6.0,2.0,0.0,143,0
66:f3:eb:f4:aa:11,11,11.0,2.0,1.0,6.0,2.0,0.0,131,2
66:f9:29:73:46:1b,1,2.0,2.0,1.0,6.0,2.0,0.0,143,0
66:f9:3d:a0:fc:ae,6,6.0,2.0,1.0,6.0,2.0,0.0,143,0
6a:0d:1f:18:22:dd,11,11.0,2.0,1.0,6.0,2.0,0.0,131,2
6a:12:92:22:93:8e,6,7.0,2.0,1.0,6.0,2.0,0.0,143,0
6a:14:0e:02:d9:96,1,2.0,5.0,3.0,1.0,0.0,0.0,165,5
6a:15:b5:84:d8:2b,6,4.0,5.0,3.0,1.0,0.0,0.0,165,5
6a:29:39:2a:1e:6f,6,6.0,5.0,3.0,1.0,0.0,0.0,165,5
6a:32:8d:5b:31:ab,1,1.0,5.0,3.0,1.0,0.0,0.0,165,5
6a:34:43:1c:03:32,6,6.0,2.0,1.0,6.0,2.0,0.0,143,0
6a:3d:49:94:2f:db,1,2.0,2.0,1.0,6.0,2.0,0.0,143,0
6a:4b:dd:54:68:f0,6,6.0,2.0,1.0,6.0,2.0,0.0,143,0
6a:52:0c:6f:2b:f5,1,3.0,2.0,1.0,6.0,2.0,0.0,143,0
6a:52:3d:8e:6a:24,1,2.0,2.0,1.0,6.0,2.0,0.0,143,0
6a:68:3a:11:64:8c,1,2.0,2.0,1.0,6.0,2.0,0.0,143,0
6a:6f:6b:1e:b7:c0,6,8.0,2.0,1.0,6.0,2.0,0.0,143,0
6a:78:81:cc:11:28,11,11.0,2.0,1.0,6.0,2.0,0.0,131,2
6a:7d:ce:4f:ce:cc,1,3.0,2.0,1.0,6.0,2.0,0.0,143,0
6a:7f:09:3c:75:d8,6,5.0,2.0,1.0,6.0,2.0,0.0,143,0
6a:88:b2:d8:44:a8,6,5.0,2.0,1.0,6.0,2.0,0.0,143,0
6a:8c:4c:8e:75:4b,6,6.0,2.0,1.0,6.0,2.0,0.0,143,0
6a:8c:82:50:bd:b1,6,6.0,2.0,1.0,6.0,2.0,0.0,143,0
6a:92:e7:c9:5d:cf,1,1.0,5.0,3.0,1.0,0.0,0.0,165,5
6a:97:6c:b7:5b:93,6,4.0,2.0,1.0,6.0,2.0,0.0,143,0
6a:99:5f:11:7b:aa,6,5.0,2.0,1.0,6.0,2.0,0.0,143,0
6a:b0:be:88:ba:05,11,11.0,2.0,1.0,6.0,2.0,0.0,131,2
6a:b9:61:36:e3:79,6,6.0,2.0,1.0,6.0,2.0,0.0,143,0
6a:bf:06:f5:95:10,11,11.0,2.0,1.0,6.0,2.0,0.0,131,2
6a:c5:8a:93:48:5c,11,12.0,2.0,1.0,6.0,0.0,0.0,113,4
6a:e1:81:73:ec:64,11,11.0,5.0,5.0,1.0,0.0,0.0,143,7
6a:e8:19:33:c1:59,1,1.0,2.0,1.0,6.0,2.0,0.0,143,0
6a:f0:60:a3:93:5d,6,5.0,5.0,3.0,1.0,0.0,0.0,165,5
6a:f4:02:89:bd:43,1,3.0,2.0,1.0,6.0,2.0,0.0,143,0
6e:0a:16:2e:f2:91,6,6.0,2.0,1.0,6.0,2.0,0.0,143,0
6e:0e:30:62:48:00,6,6.0,2.0,1.0,6.0,2.0,0.0,143,0
6e:29:00:11:1a:c4,1,1.0,2.0,1.0,6.0,2.0,0.0,143,0
6e:2a:1f:14:0a:f0,11,11.0,2.0,1.0,6.0,2.0,0.0,131,2
6e:2b:d7:c0:8d:c6,6,7.0,2.0,1.0,6.0,2.0,0.0,143,0
6e:30:de:e3:a9:5e,11,12.0,5.0,3.0,1.0,0.0,0.0,165,5
6e:38:b0:3c:c0:ff,1,2.0,2.0,1.0,6.0,2.0,0.0,143,0
6e:3a:7c:f6:1b:f7,6,4.0,2.0,1.0,6.0,2.0,0.0,143,0
6e:3b:74:77:97:49,6,6.0,2.0,1.0,6.0,2.0,0.0,143,0
6e:3d:e7:c5:04:f8,6,5.0,5.0,3.0,1.0,0.0,0.0,165,5
6e:3f:33:ee:f4:d4,6,7.0,2.0,1.0,6.0,2.0,0.0,143,0
6e:59:d8:ac:a3:af,6,8.0,2.0,1.0,6.0,2.0,0.0,143,0
6e:81:0d:1c:fd:ac,1,3.0,2.0,1.0,6.0,2.0,0.0,143,0
6e:a3:00:ef:a7:05,6,8.0,2.0,1.0,6.0,2.0,0.0,143,0
6e:b4:f5:a3:dd:75,1,1.0,2.0,1.0,6.0,2.0,0.0,143,0
6e:b5:8f:58:f5:7d,6,7.0,2.0,1.0,6.0,2.0,0.0,143,0
6e:be:76:e2:7a:2b,1,1.0,0.0,0.0,6.0,0.0,0.0,101,10
6e:d6:2c:c1:a0:6f,6,5.0,2.0,1.0,6.0,2.0,0.0,143,0
6e:df:fd:ff:82:97,11,9.0,2.0,1.0,6.0,0.0,0.0,113,4
6e:e9:dd:1b:92:04,11,11.0,2.0,1.0,6.0,2.0,0.0,131,2
6e:f2:48:f1:27:5e,6,6.0,2.0,1.0,6.0,2.0,0.0,143,0
6e:f8:32:07:15:8d,6,6.0,0.0,0.0,6.0,0.0,0.0,113,11
6e:f9:89:8f:b9:e3,1,1.0,2.0,1.0,6.0,2.0,0.0,143,0
6f:45:70:93:c1:f2,1,1.0,7.0,6.0,2.0,0.0,0.0,187,8
72:10:f6:4a:fb:e9,1,2.0,2.0,1.0,6.0,2.0,0.0,143,0
72:16:f0:a4:65:a3,11,11.0,2.0,1.0,6.0,2.0,0.0,131,2
72:23:5b:dd:48:53,6,6.0,2.0,1.0,6.0,2.0,0.0,143,0
72:43:dd:d3:c3:45,6,8.0,2.0,1.0,6.0,2.0,0.0,143,0
72:46:e1:8e:a7:d4,6,8.0,2.0,1.0,6.0,2.0,0.0,143,0
72:4f:d8:ab:bd:03,1,2.0,2.0,1.0,6.0,2.0,0.0,143,0
72:5b:9e:6d:51:14,1,3.0,2.0,1.0,6.0,2.0,0.0,143,0
72:66:2b:d8:ed:99,1,2.0,2.0,1.0,6.0,2.0,0.0,143,0
72:6c:a2:12:f0:fb,1,2.0,2.0,1.0,6.0,2.0,0.0,143,0
72:71:d6:15:2b:7c,1,2.0,2.0,1.0,6.0,2.0,0.0,143,0
72:76:aa:68:32:ab,1,2.0,2.0,1.0,6.0,2.0,0.0,143,0
72:78:a3:e9:dc:17,6,7.0,2.0,1.0,6.0,2.0,0.0,143,0
72:80:97:d3:9a:18,6,6.0,5.0,3.0,1.0,0.0,0.0,165,5
72:86:1a:af:e4:3f,11,9.0,2.0,1.0,6.0,0.0,0.0,113,4
72:96:26:7a:15:8e,1,3.0,2.0,1.0,6.0,2.0,0.0,143,0
72:9e:10:83:76:0d,1,2.0,2.0,1.0,6.0,2.0,0.0,143,0
72:9f:03:d2:b9:29,1,1.0,2.0,1.0,6.0,2.0,0.0,143,0
72:ca:44:52:50:37,6,7.0,2.0,1.0,6.0,2.0,0.0,143,0
72:ef:64:ca:77:c3,6,4.0,5.0,3.0,1.0,0.0,0.0,165,5
76:10:8c:75:7e:13,6,6.0,2.0,1.0,6.0,2.0,0.0,143,0
76:16:10:78:8a:4d,11,11.0,2.0,1.0,6.0,0.0,0.0,113,4
76:2b:75:20:8a:2f,6,4.0,5.0,3.0,1.0,0.0,0.0,165,5
76:2e:77:b8:b3:6b,11,11.0,0.0,0.0,6.0,0.0,0.0,113,11
76:35:fb:d0:58:9a,1,3.0,2.0,1.0,6.0,2.0,0.0,143,0
76:3d:03:fc:31:fa,11,11.0,2.0,1.0,6.0,2.0,0.0,131,2
76:47:4d:8a:63:91,1,1.0,2.0,1.0,6.0,2.0,0.0,143,0
76:4b:5d:74:f9:c1,1,2.0,2.0,1.0,6.0,2.0,0.0,143,0
76:4d:28:75:32:ae,6,5.0,2.0,1.0,6.0,2.0,0.0,143,0
76:5c:4d:02:8a:0f,1,2.0,2.0,1.0,6.0,2.0,0.0,143,0
76:62:aa:90:92:41,1,3.0,2.0,1.0,6.0,2.0,0.0,143,0
76:69:81:63:74:6c,1,1.0,2.0,1.0,6.0,2.0,0.0,143,0
76:69:dc:93:bf:9b,11,11.0,5.0,3.0,1.0,0.0,0.0,153,6
76:90:d7:2f:9b:e5,6,8.0,2.0,1.0,6.0,2.0,0.0,143,0
76:d8:b0:54:8b:b3,6,5.0,2.0,1.0,6.0,2.0,0.0,143,0
76:e1:e6:b2:b1:f3,1,3.0,2.0,1.0,6.0,2.0,0.0,143,0
76:e9:19:90:33:89,1,4.0,2.0,1.0,6.0,2.0,0.0,143,0
76:ee:30:ca:22:e5,1,1.0,2.0,1.0,6.0,2.0,0.0,143,0
76:fb:9d:79:d8:3f,6,6.0,2.0,1.0,6.0,2.0,0.0,143,0
7a:30:05:1a:eb:05,6,6.0,5.0,3.0,1.0,0.0,0.0,165,5
7a:3f:84:c0:cc:fe,1,1.0,2.0,1.0,6.0,2.0,0.0,143,0
7a:4e:20:48:a3:e0,1,1.0,2.0,1.0,6.0,2.0,0.0,143,0
7a:60:72:00:c5:78,6,6.0,2.0,1.0,6.0,2.0,0.0,143,0
7a:67:25:2a:48:10,6,8.0,2.0,1.0,6.0,2.0,0.0,143,0
7a:6b:9b:6e:18:d6,6,4.0,2.0,1.0,6.0,2.0,0.0,143,0
7a:7a:b3:12:cf:36,6,6.0,2.0,1.0,6.0,2.0,0.0,143,0
7a:7d:86:30:c6:69,1,3.0,2.0,1.0,6.0,2.0,0.0,143,0
7a:7e:11:71:3f:68,1,1.0,2.0,1.0,6.0,2.0,0.0,143,0
7a:8d:79:6e:f6:1e,6,4.0,5.0,3.0,1.0,0.0,0.0,165,5
7a:93:59:a2:1a:08,11,11.0,2.0,1.0,6.0,2.0,0.0,131,2
7a:93:b6:70:67:55,6,7.0,2.0,1.0,6.0,2.0,0.0,143,0
7a:98:65:bb:cd:71,11,11.0,0.0,0.0,6.0,0.0,0.0,113,11
7a:99:4c:9b:f4:05,6,4.0,2.0,1.0,6.0,2.0,0.0,143,0
7a:ad:f4:04:7a:7c,11,11.0,2.0,1.0,6.0,2.0,0.0,131,2
7a:c6:22:10:87:09,1,3.0,2.0,1.0,6.0,2.0,0.0,143,0
7a:db:10:1e:40:62,1,3.0,2.0,1.0,6.0,2.0,0.0,143,0
7a:db:15:33:5b:3e,6,6.0,0.0,0.0,6.0,0.0,0.0,113,11
7a:f3:71:79:aa:f8,1,1.0,2.0,1.0,6.0,2.0,0.0,143,0
7e:01:b2:28:4c:0d,6,8.0,2.0,1.0,6.0,2.0,0.0,143,0
7e:01:b7:80:58:a9,6,5.0,2.0,1.0,6.0,2.0,0.0,143,0
7e:10:5e:23:88:da,11,11.0,2.0,1.0,6.0,2.0,0.0,131,2
7e:18:6c:b9:a9:74,1,1.0,2.0,1.0,6.0,2.0,0.0,143,0
7e:34:fc:ce:ce:b6,11,10.0,2.0,1.0,6.0,2.0,0.0,131,2
7e:37:49:5d:80:46,1,1.0,2.0,1.0,6.0,2.0,0.0,143,0
7e:3b:24:7f:97:6e,11,11.0,5.0,5.0,1.0,0.0,0.0,143,7
7e:3e:11:70:c1:36,1,3.0,2.0,1.0,6.0,2.0,0.0,143,0
7e:5c:d3:17:cf:76,6,7.0,2.0,1.0,6.0,2.0,0.0,143,0
7e:7d:86:46:d8:e9,11,11.0,2.0,1.0,6.0,2.0,0.0,131,2
7e:84:0a:77:42:fa,1,2.0,2.0,1.0,6.0,2.0,0.0,143,0
7e:8a:25:39:cd:4e,6,7.0,2.0,1.0,6.0,2.0,0.0,143,0
7e:aa:73:3c:1d:24,1,1.0,2.0,1.0,6.0,2.0,0.0,143,0
7e:b6:36:b8:08:af,6,6.0,0.0,0.0,6.0,0.0,0.0,113,11
7e:cb:49:df:f8:ec,6,7.0,2.0,1.0,6.0,2.0,0.0,143,0
7e:d0:68:d1:b7:ad,11,12.0,2.0,1.0,6.0,0.0,0.0,113,4
7e:d3:27:de:a0:27,11,12.0,2.0,1.0,6.0,2.0,0.0,131,2
7e:e6:4b:59:03:2c,6,8.0,2.0,1.0,6.0,2.0,0.0,143,0
82:02:b1:95:e4:3f,11,11.0,2.0,1.0,6.0,2.0,0.0,131,2
82:0a:7e:ae:4a:23,6,8.0,2.0,1.0,6.0,2.0,0.0,143,0
82:21:a5:22:44:43,6,5.0,2.0,1.0,6.0,2.0,0.0,143,0
82:26:33:96:fa:57,11,12.0,2.0,1.0,6.0,0.0,0.0,113,4
82:28:fd:9d:88:6d,6,7.0,2.0,1.0,6.0,2.0,0.0,143,0
82:33:e1:14:5d:70,6,6.0,2.0,1.0,6.0,2.0,0.0,143,0
82:38:24:74:a5:14,1,1.0,5.0,3.0,1.0,0.0,0.0,165,5
82:49:a5:f9:83:16,1,2.0,2.0,1.0,6.0,2.0,0.0,143,0
82:4b:21:4d:92:15,6,5.0,2.0,1.0,6.0,2.0,0.0,143,0
82:4f:c6:d5:01:a0,1,1.0,2.0,1.0,6.0,2.0,0.0,143,0
82:58:90:ef:b8:85,6,6.0,2.0,1.0,6.0,2.0,0.0,143,0
82:5c:54:1c:17:85,11,11.0,2.0,1.0,6.0,2.0,0.0,131,2
82:7a:25:ef:76:2b,1,2.0,2.0,1.0,6.0,2.0,0.0,143,0
82:7b:16:d7:21:d8,6,8.0,2.0,1.0,6.0,2.0,0.0,143,0
82:82:6e:84:a9:f0,1,1.0,2.0,1.0,6.0,2.0,0.0,143,0
82:8a:19:f7:cb:35,6,8.0,2.0,1.0,6.0,2.0,0.0,143,0
82:8f:22:0b:dc:2e,11,11.0,2.0,1.0,6.0,2.0,0.0,131,2
82:9a:8c:46:f8:be,1,1.0,0.0,0.0,6.0,0.0,0.0,101,10
82:9e:8e:57:cd:d2,6,8.0,2.0,1.0,6.0,2.0,0.0,143,0
82:ab:01:ad:b0:ff,6,8.0,2.0,1.0,6.0,2.0,0.0,143,0
82:ad:21:15:fa:36,1,2.0,2.0,1.0,6.0,2.0,0.0,143,0
82:ae:bc:cc:ff:7d,1,1.0,5.0,3.0,1.0,0.0,0.0,165,5
82:bc:84:c2:6c:ad,6,8.0,5.0,3.0,1.0,0.0,0.0,165,5
82:bc:de:fc:31:e3,6,5.0,5.0,3.0,1.0,0.0,0.0,165,5
82:c9:ed:b3:8a:4a,1,1.0,2.0,1.0,6.0,2.0,0.0,143,0
82:d5:39:79:9f:2a,1,2.0,2.0,1.0,6.0,2.0,0.0,143,0
82:e3:39:f3:e1:f7,6,7.0,2.0,1.0,6.0,2.0,0.0,143,0
82:e7:8d:e2:ef:2d,6,4.0,2.0,1.0,6.0,0.0,0.0,113,4
82:e9:25:8e:9b:a2,1,1.0,7.0,6.0,2.0,0.0,0.0,185,13
86:07:fe:1d:f2:c6,6,7.0,2.0,1.0,6.0,2.0,0.0,143,0
86:28:8e:0d:73:af,6,6.0,0.0,0.0,6.0,0.0,0.0,113,11
86:34:95:9a:2b:2e,6,8.0,2.0,1.0,6.0,2.0,0.0,143,0
86:3c:9f:10:31:9f,6,6.0,2.0,1.0,6.0,2.0,0.0,143,0
86:76:72:d3:f0:27,6,8.0,2.0,1.0,6.0,2.0,0.0,143,0
86:84:d1:d4:9e:7d,11,11.0,2.0,1.0,6.0,2.0,0.0,131,2
86:89:9c:aa:66:43,1,3.0,2.0,1.0,6.0,2.0,0.0,143,0
86:96:0b:d7:9a:a9,11,11.0,5.0,3.0,1.0,0.0,0.0,153,6
86:9a:98:f6:a8:12,1,2.0,2.0,1.0,6.0,2.0,0.0,143,0
86:9a:f2:2d:6b:c3,1,1.0,2.0,1.0,6.0,2.0,0.0,143,0
86:a0:d7:17:2c:a5,1,3.0,2.0,1.0,6.0,2.0,0.0,143,0
86:a6:f3:5d:73:a2,6,7.0,2.0,1.0,6.0,2.0,0.0,143,0
86:b8:89:d5:35:5a,6,5.0,2.0,1.0,6.0,2.0,0.0,143,0
86:b9:18:88:5d:2d,6,5.0,2.0,1.0,6.0,2.0,0.0,143,0
86:c6:71:5a:1a:9b,6,10.0,2.0,1.0,6.0,2.0,0.0,143,0
86:e9:3c:44:84:74,11,11.0,2.0,1.0,6.0,2.0,0.0,131,2
86:f8:5d:59:9c:3d,1,3.0,2.0,1.0,6.0,2.0,0.0,143,0
8a:0e:70:d9:8c:0b,6,6.0,2.0,1.0,6.0,2.0,0.0,143,0
8a:10:25:ab:90:e8,6,7.0,5.0,3.0,1.0,0.0,0.0,165,5
8a:26:45:02:cc:e2,1,2.0,2.0,1.0,6.0,2.0,0.0,143,0
8a:39:d0:78:49:b8,11,11.0,2.0,1.0,6.0,2.0,0.0,131,2
8a:46:a8:ad:a7:33,1,2.0,2.0,1.0,6.0,2.0,0.0,143,0
8a:49:28:68:5f:e2,11,11.0,2.0,1.0,6.0,2.0,0.0,131,2
8a:53:96:e3:ea:4c,6,6.0,2.0,1.0,6.0,2.0,0.0,143,0
8a:6f:f7:64:9b:5a,6,7.0,2.0,1.0,6.0,2.0,0.0,143,0
8a:8d:b5:88:4f:97,6,6.0,2.0,1.0,6.0,2.0,0.0,143,0
8a:99:f2:31:12:6a,1,1.0,2.0,1.0,6.0,2.0,0.0,143,0
8a:a1:d3:bd:fd:c0,11,11.0,2.0,1.0,6.0,2.0,0.0,131,2
8a:a3:6f:fc:7f:83,1,1.0,2.0,1.0,6.0,2.0,0.0,143,0
8a:ab:14:73:64:09,6,7.0,5.0,3.0,1.0,0.0,0.0,165,5
8a:ab:b3:2b:6e:35,1,3.0,2.0,1.0,6.0,2.0,0.0,143,0
8a:ad:f7:8b:45:33,6,6.0,2.0,1.0,6.0,2.0,0.0,143,0
8a:be:f6:ad:2b:ac,11,11.0,2.0,1.0,6.0,2.0,0.0,131,2
8a:c3:9e:3f:e9:95,6,5.0,2.0,1.0,6.0,2.0,0.0,143,0
8a:d4:d3:d6:5a:5a,1,2.0,2.0,1.0,6.0,2.0,0.0,143,0
8a:dc:83:39:0a:e8,1,1.0,2.0,1.0,6.0,2.0,0.0,143,0
8a:e1:22:0b:89:de,6,8.0,2.0,1.0,6.0,2.0,0.0,143,0
8a:e2:51:99:1c:79,11,11.0,2.0,1.0,6.0,2.0,0.0,131,2
8a:f8:64:66:a4:74,6,7.0,2.0,1.0,6.0,2.0,0.0,143,0
8a:f8:f8:ff:ed:9a,11,11.0,2.0,1.0,6.0,2.0,0.0,131,2
8a:fd:3a:b5:95:5f,1,2.0,2.0,1.0,6.0,2.0,0.0,143,0
8e:09:8e:d5:4b:26,6,7.0,2.0,1.0,6.0,2.0,0.0,143,0
8e:18:54:88:4a:e1,6,8.0,2.0,1.0,6.0,2.0,0.0,143,0
8e:1a:2c:7c:23:4d,6,8.0,2.0,1.0,6.0,2.0,0.0,143,0
8e:1e:70:55:4f:36,1,3.0,2.0,1.0,6.0,2.0,0.0,143,0
8e:1f:0e:c8:20:a8,1,1.0,2.0,1.0,6.0,2.0,0.0,143,0
8e:22:94:f6:75:56,1,2.0,2.0,1.0,6.0,2.0,0.0,143,0
8e:26:ea:ed:4f:85,1,2.0,2.0,1.0,6.0,2.0,0.0,143,0
8e:29:d4:4f:c0:c4,1,2.0,2.0,1.0,6.0,2.0,0.0,143,0
8e:3e:e0:03:0d:6d,11,11.0,0.0,0.0,6.0,0.0,0.0,113,11
8e:52:19:72:46:7e,1,2.0,2.0,1.0,6.0,2.0,0.0,143,0
8e:53:2b:01:13:34,6,8.0,2.0,1.0,6.0,2.0,0.0,143,0
8e:55:0e:0e:66:56,6,4.0,2.0,1.0,6.0,2.0,0.0,143,0
8e:6a:0c:9f:7f:37,1,3.0,5.0,3.0,1.0,0.0,0.0,165,5
8e:70:a5:6b:2a:05,6,5.0,2.0,1.0,6.0,2.0,0.0,143,0
8e:77:1e:65:16:5d,6,2.0,2.0,1.0,6.0,2.0,0.0,143,0
8e:86:87:df:8c:d9,6,6.0,2.0,1.0,6.0,2.0,0.0,143,0
8e:8c:f7:78:f0:ca,6,5.0,2.0,1.0,6.0,2.0,0.0,143,0
8e:99:f9:2d:d4:0b,6,5.0,2.0,1.0,6.0,2.0,0.0,143,0
8e:a6:d7:22:53:f5,1,2.0,2.0,1.0,6.0,2.0,0.0,143,0
8e:ae:ef:22:dd:7a,11,11.0,2.0,1.0,6.0,2.0,0.0,131,2
8e:b4:b3:a3:75:13,6,7.0,2.0,1.0,6.0,2.0,0.0,143,0
8e:d2:df:8d:b7:8e,6,7.0,2.0,1.0,6.0,2.0,0.0,143,0
8e:d3:71:4a:28:79,1,3.0,2.0,1.0,6.0,2.0,0.0,143,0
8e:d3:db:ab:f4:78,1,2.0,2.0,1.0,6.0,2.0,0.0,143,0
8e:d5:0d:b7:f0:6d,6,8.0,2.0,1.0,6.0,2.0,0.0,143,0
8e:d7:22:26:67:4f,6,6.0,2.0,1.0,6.0,2.0,0.0,143,0
8e:d8:5f:1f:a0:a5,1,2.0,2.0,1.0,6.0,2.0,0.0,143,0
8e:dc:74:ac:97:3f,6,7.0,2.0,1.0,6.0,2.0,0.0,143,0
8e:df:c8:2e:a0:ca,6,7.0,2.0,1.0,6.0,2.0,0.0,143,0
8e:e1:88:6a:05:52,1,3.0,2.0,1.0,6.0,2.0,0.0,143,0
8e:f5:1f:05:f4:84,6,5.0,2.0,1.0,6.0,2.0,0.0,143,0
8e:fd:a3:1c:80:e5,6,5.0,2.0,1.0,6.0,2.0,0.0,143,0
92:02:b9:6c:46:60,6,5.0,2.0,1.0,6.0,2.0,0.0,143,0
92:03:a1:73:03:0a,11,13.0,2.0,1.0,6.0,0.0,0.0,113,4
92:06:b2:c7:18:ce,6,7.0,2.0,1.0,6.0,2.0,0.0,143,0
92:0c:11:8a:26:5d,1,1.0,2.0,1.0,6.0,2.0,0.0,143,0
92:10:54:5d:28:91,1,3.0,2.0,1.0,6.0,2.0,0.0,143,0
92:1d:28:33:2c:bf,1,2.0,2.0,1.0,6.0,2.0,0.0,143,0
92:26:90:62:5b:14,6,8.0,2.0,1.0,6.0,2.0,0.0,143,0
92:26:a5:ab:74:67,11,11.0,2.0,1.0,6.0,2.0,0.0,131,2
92:2b:ef:72:41:88,6,6.0,2.0,1.0,6.0,2.0,0.0,143,0
92:31:8b:37:09:63,1,1.0,2.0,1.0,6.0,2.0,0.0,143,0
92:3e:4a:47:56:44,11,11.0,2.0,1.0,6.0,2.0,0.0,131,2
92:54:1f:d0:bf:15,6,8.0,2.0,1.0,6.0,2.0,0.0,143,0
92:59:c7:60:59:79,6,7.0,2.0,1.0,6.0,2.0,0.0,143,0
92:64:ea:fb:e3:14,11,12.0,2.0,1.0,6.0,0.0,0.0,113,4
92:66:bf:1e:58:b2,1,1.0,2.0,1.0,6.0,2.0,0.0,143,0
92:78:01:96:6f:7d,6,7.0,2.0,1.0,6.0,2.0,0.0,143,0
92:80:03:ec:52:2f,1,3.0,2.0,1.0,6.0,2.0,0.0,143,0
92:bc:bf:05:c0:84,6,7.0,2.0,1.0,6.0,2.0,0.0,143,0
92:de:d2:b1:1e:c2,1,3.0,2.0,1.0,6.0,2.0,0.0,143,0
92:e4:16:c4:78:62,6,6.0,2.0,1.0,6.0,2.0,0.0,143,0
92:f3:b2:f1:da:59,1,1.0,2.0,1.0,6.0,2.0,0.0,143,0
92:fb:79:fc:0f:4e,1,1.0,2.0,1.0,6.0,2.0,0.0,143,0
96:07:9b:d1:3f:37,6,8.0,2.0,1.0,6.0,2.0,0.0,143,0
96:12:e6:cc:4a:bd,11,11.0,5.0,5.0,1.0,0.0,0.0,143,7
96:1a:c6:18:94:9b,6,5.0,2.0,1.0,6.0,2.0,0.0,143,0
96:1e:80:e1:ac:25,6,1.0,2.0,1.0,6.0,2.0,0.0,143,0
96:21:11:39:c5:a7,1,3.0,2.0,1.0,6.0,2.0,0.0,143,0
96:22:fb:ba:fd:d8,1,1.0,2.0,1.0,6.0,2.0,0.0,143,0
96:28:1e:30:0f:22,1,1.0,2.0,1.0,6.0,2.0,0.0,143,0
96:3a:bb:f1:10:d1,6,7.0,2.0,1.0,6.0,2.0,0.0,143,0
96:44:77:b5:3b:09,6,5.0,5.0,3.0,1.0,0.0,0.0,165,5
96:44:c9:f2:d1:16,1,3.0,2.0,1.0,6.0,2.0,0.0,143,0
96:46:74:02:d4:fd,11,10.0,2.0,1.0,6.0,0.0,0.0,113,4
96:4f:94:b1:3e:db,6,8.0,2.0,1.0,6.0,2.0,0.0,143,0
96:50:e0:fc:af:68,1,3.0,2.0,1.0,6.0,2.0,0.0,143,0
96:54:4e:6b:a3:5b,1,2.0,2.0,1.0,6.0,2.0,0.0,143,0
96:56:d5:22:a0:08,1,1.0,2.0,1.0,6.0,2.0,0.0,143,0
96:60:ce:39:f4:29,11,11.0,2.0,1.0,6.0,2.0,0.0,131,2
96:65:03:4a:d4:f5,1,2.0,2.0,1.0,6.0,2.0,0.0,143,0
96:71:50:17:f3:8c,1,3.0,2.0,1.0,6.0,2.0,0.0,143,0
96:76:69:c2:ff:8f,6,4.0,5.0,3.0,1.0,0.0,0.0,165,5
96:7c:08:e1:49:bd,1,3.0,2.0,1.0,6.0,2.0,0.0,143,0
96:9b:b1:e3:7d:ee,1,1.0,2.0,1.0,6.0,2.0,0.0,143,0
96:9e:63:0a:bc:d2,1,1.0,2.0,1.0,6.0,2.0,0.0,143,0
96:9e:f6:87:a4:93,1,1.0,2.0,1.0,6.0,2.0,0.0,143,0
96:bc:83:83:ea:47,6,5.0,2.0,1.0,6.0,2.0,0.0,143,0
96:d6:6e:a2:59:56,11,11.0,2.0,1.0,6.0,2.0,0.0,131,2
96:da:b7:03:d1:34,1,1.0,2.0,1.0,6.0,2.0,0.0,143,0
96:dc:01:a5:6e:6d,6,7.0,2.0,1.0,6.0,2.0,0.0,143,0
96:de:4c:55:3b:cf,6,8.0,2.0,1.0,6.0,2.0,0.0,143,0
96:f9:7d:26:67:13,6,5.0,2.0,1.0,6.0,2.0,0.0,143,0
96:ff:39:68:49:2c,11,11.0,2.0,1.0,6.0,2.0,0.0,131,2
9a:08:21:00:a5:e7,6,7.0,2.0,1.0,6.0,2.0,0.0,143,0
9a:08:80:78:c3:17,11,11.0,2.0,1.0,6.0,2.0,0.0,131,2
9a:09:0f:1e:5c:85,6,7.0,2.0,1.0,6.0,2.0,0.0,143,0
9a:15:7c:d6:37:7f,11,11.0,5.0,5.0,1.0,0.0,0.0,143,7
9a:16:ea:54:57:aa,11,11.0,2.0,1.0,6.0,2.0,0.0,131,2
9a:2d:93:58:16:30,6,8.0,2.0,1.0,6.0,2.0,0.0,143,0
9a:37:3a:06:ec:0d,1,3.0,2.0,1.0,6.0,2.0,0.0,143,0
9a:4a:da:67:bf:fa,11,11.0,2.0,1.0,6.0,2.0,0.0,131,2
9a:51:b2:e6:71:d3,6,7.0,2.0,1.0,6.0,2.0,0.0,143,0
9a:5c:aa:e2:55:bd,1,3.0,2.0,1.0,6.0,2.0,0.0,143,0
9a:5e:e0:67:62:4b,1,3.0,2.0,1.0,6.0,2.0,0.0,143,0
9a:5f:d1:de:c0:a4,6,5.0,2.0,1.0,6.0,2.0,0.0,143,0
9a:68:87:1f:6a:cd,1,1.0,2.0,1.0,6.0,2.0,0.0,143,0
9a:7e:a8:80:5d:5b,1,1.0,2.0,1.0,6.0,2.0,0.0,143,0
9a:8a:48:e6:c1:25,6,6.0,2.0,1.0,6.0,2.0,0.0,143,0
9a:94:32:c2:c9:40,1,1.0,2.0,1.0,6.0,2.0,0.0,143,0
9a:9a:9e:ae:f5:6b,6,7.0,2.0,1.0,6.0,2.0,0.0,143,0
9a:b2:44:d4:01:72,6,5.0,2.0,1.0,6.0,2.0,0.0,143,0
9a:c8:f4:8a:ad:1f,6,7.0,2.0,1.0,6.0,2.0,0.0,143,0
9a:e1:f0:23:72:fb,6,6.0,2.0,1.0,6.0,2.0,0.0,143,0
9a:e7:db:73:00:18,6,5.0,2.0,1.0,6.0,2.0,0.0,143,0
9e:07:2c:27:6e:1e,6,5.0,2.0,1.0,6.0,2.0,0.0,143,0
9e:12:7a:4a:68:50,1,3.0,2.0,1.0,6.0,2.0,0.0,143,0
9e:19:f2:bc:41:e6,11,10.0,2.0,1.0,6.0,2.0,0.0,131,2
9e:26:ba:48:cd:d8,6,6.0,2.0,1.0,6.0,2.0,0.0,143,0
9e:3c:6c:02:0e:e5,6,7.0,2.0,1.0,6.0,2.0,0.0,143,0
9e:44:36:78:02:de,1,2.0,2.0,1.0,6.0,2.0,0.0,143,0
9e:4a:f9:1c:85:8d,1,2.0,2.0,1.0,6.0,2.0,0.0,143,0
9e:6b:90:b5:a3:10,6,8.0,5.0,3.0,1.0,0.0,0.0,165,5
9e:6e:2f:43:11:5e,6,7.0,2.0,1.0,6.0,2.0,0.0,143,0
9e:6f:21:4a:ab:4f,1,3.0,2.0,1.0,6.0,2.0,0.0,143,0
9e:85:e1:80:e7:a4,1,1.0,2.0,1.0,6.0,2.0,0.0,143,0
9e:8a:ec:1d:ac:12,11,11.0,2.0,1.0,6.0,2.0,0.0,131,2
9e:a6:89:84:99:aa,6,6.0,2.0,1.0,6.0,2.0,0.0,143,0
9e:ae:a5:81:da:da,6,6.0,2.0,1.0,6.0,2.0,0.0,143,0
9e:b0:7e:2c:8c:8a,6,1.0,2.0,1.0,6.0,2.0,0.0,143,0
9e:cd:de:e2:34:5b,6,5.0,2.0,1.0,6.0,2.0,0.0,143,0
9e:df:65:47:76:80,11,11.0,2.0,1.0,6.0,2.0,0.0,131,2
9e:e7:23:05:53:a8,6,6.0,2.0,1.0,6.0,2.0,0.0,143,0
9e:ea:68:b7:b9:ae,6,6.0,2.0,1.0,6.0,2.0,0.0,143,0
9e:ec:3d:01:64:af,6,5.0,2.0,1.0,6.0,2.0,0.0,143,0
9e:fa:3e:0f:c6:c6,11,11.0,2.0,1.0,6.0,2.0,0.0,131,2
a2:0a:97:1e:9d:c8,6,6.0,2.0,1.0,6.0,2.0,0.0,143,0
a2:0c:fd:06:2c:13,1,2.0,2.0,1.0,6.0,2.0,0.0,143,0
a2:1a:c7:70:6e:dd,6,6.0,2.0,1.0,6.0,2.0,0.0,143,0
a2:24:ae:4d:eb:f1,1,1.0,2.0,1.0,6.0,2.0,0.0,143,0
a2:32:4b:52:c7:52,1,1.0,5.0,3.0,1.0,0.0,0.0,165,5
a2:3a:27:12:74:b8,6,7.0,2.0,1.0,6.0,2.0,0.0,143,0
a2:52:dc:ce:d6:40,1,1.0,2.0,1.0,6.0,2.0,0.0,143,0
a2:66:05:fb:5b:2f,6,8.0,2.0,1.0,6.0,2.0,0.0,143,0
a2:71:68:2a:61:ba,6,5.0,2.0,1.0,6.0,2.0,0.0,143,0
a2:75:6d:46:2c:d4,1,3.0,2.0,1.0,6.0,2.0,0.0,143,0
a2:7d:23:9d:1a:b2,1,3.0,2.0,1.0,6.0,2.0,0.0,143,0
a2:87:f0:17:44:37,6,8.0,2.0,1.0,6.0,2.0,0.0,143,0
a2:96:7f:2b:ae:bf,1,2.0,2.0,1.0,6.0,2.0,0.0,143,0
a2:99:15:52:2e:07,6,8.0,2.0,1.0,6.0,2.0,0.0,143,0
a2:9a:8a:a1:25:73,6,4.0,2.0,1.0,6.0,0.0,0.0,113,4
a2:a0:dc:d5:5d:63,1,1.0,2.0,1.0,6.0,2.0,0.0,143,0
a2:b1:2f:8a:01:15,1,3.0,2.0,1.0,6.0,2.0,0.0,143,0
a2:ba:45:bc:a4:e3,1,1.0,2.0,1.0,6.0,2.0,0.0,143,0
a2:cf:e5:3e:dd:e6,11,11.0,2.0,1.0,6.0,2.0,0.0,131,2
a2:e1:a0:e7:d8:46,6,6.0,2.0,1.0,6.0,2.0,0.0,143,0
a2:ee:53:41:af:d6,11,11.0,2.0,1.0,6.0,2.0,0.0,131,2
a2:ee:66:e3:9c:86,6,8.0,2.0,1.0,6.0,2.0,0.0,143,0
a2:f9:45:9c:d2:a7,6,8.0,2.0,1.0,6.0,2.0,0.0,143,0
a2:fe:d6:b2:7a:d7,1,2.0,2.0,1.0,6.0,2.0,0.0,143,0
a6:02:2a:47:1a:c2,11,11.0,0.0,0.0,6.0,0.0,0.0,113,11
a6:46:08:de:76:3b,1,3.0,2.0,1.0,6.0,2.0,0.0,143,0
a6:5e:dd:b5:2e:37,11,11.0,2.0,1.0,6.0,2.0,0.0,131,2
a6:6e:b6:95:19:cd,6,6.0,2.0,1.0,6.0,2.0,0.0,143,0
a6:74:a5:c0:a2:75,6,7.0,2.0,1.0,6.0,2.0,0.0,143,0
a6:7b:f1:83:51:e1,1,3.0,2.0,1.0,6.0,2.0,0.0,143,0
a6:91:eb:37:c6:81,1,1.0,2.0,1.0,6.0,2.0,0.0,143,0
a6:92:41:e5:0f:14,6,6.0,2.0,1.0,6.0,2.0,0.0,143,0
a6:94:04:61:6f:40,1,3.0,2.0,1.0,6.0,2.0,0.0,143,0
a6:9f:bb:ef:cd:8d,6,7.0,2.0,1.0,6.0,2.0,0.0,143,0
a6:b8:2b:94:9d:47,6,5.0,2.0,1.0,6.0,2.0,0.0,143,0
a6:bb:e5:ee:86:12,6,8.0,2.0,1.0,6.0,2.0,0.0,143,0
a6:c0:20:6c:25:bc,6,8.0,2.0,1.0,6.0,2.0,0.0,143,0
a6:c0:57:aa:15:d8,6,8.0,2.0,1.0,6.0,2.0,0.0,143,0
a6:c1:39:1a:46:ce,6,8.0,2.0,1.0,6.0,2.0,0.0,143,0
a6:c8:49:53:7a:93,6,6.0,2.0,1.0,6.0,2.0,0.0,143,0
a6:cb:55:cc:17:28,6,4.0,2.0,1.0,6.0,2.0,0.0,143,0
a6:cd:74:cb:3f:91,6,6.0,2.0,1.0,6.0,2.0,0.0,143,0
a6:db:00:3b:c3:ff,1,3.0,2.0,1.0,6.0,2.0,0.0,143,0
a6:df:bc:3e:4c:9d,1,3.0,5.0,3.0,1.0,0.0,0.0,165,5
a6:fb:c1:22:f1:77,1,1.0,2.0,1.0,6.0,2.0,0.0,143,0
aa:01:7a:af:de:89,11,11.0,0.0,0.0,6.0,0.0,0.0,113,11
aa:17:3f:52:fa:d9,6,8.0,2.0,1.0,6.0,2.0,0.0,143,0
aa:26:5f:3f:ac:cd,1,1.0,2.0,1.0,6.0,2.0,0.0,143,0
aa:30:8c:d7:52:97,6,7.0,2.0,1.0,6.0,2.0,0.0,143,0
aa:34:15:16:75:70,6,7.0,2.0,1.0,6.0,2.0,0.0,143,0
aa:55:40:f7:5e:68,1,1.0,2.0,1.0,6.0,2.0,0.0,143,0
aa:57:c3:34:66:8d,1,1.0,0.0,0.0,6.0,0.0,0.0,101,10
aa:78:f0:5b:48:e9,11,11.0,2.0,1.0,6.0,2.0,0.0,131,2
aa:8a:14:d9:53:25,11,11.0,5.0,5.0,1.0,0.0,0.0,143,7
aa:94:82:5a:fb:35,6,5.0,2.0,1.0,6.0,2.0,0.0,143,0
aa:a3:1d:e5:51:5f,1,3.0,2.0,1.0,6.0,2.0,0.0,143,0
aa:a5:13:fd:40:58,6,7.0,2.0,1.0,6.0,2.0,0.0,143,0
aa:a8:75:67:87:63,6,4.0,5.0,3.0,1.0,0.0,0.0,165,5
aa:aa:bd:59:c1:2e,6,5.0,2.0,1.0,6.0,2.0,0.0,143,0
aa:b2:fe:0c:8c:3b,6,7.0,2.0,1.0,6.0,2.0,0.0,143,0
aa:bc:54:0a:8e:ba,6,8.0,2.0,1.0,6.0,2.0,0.0,143,0
aa:bf:ce:cc:fb:8b,1,3.0,2.0,1.0,6.0,2.0,0.0,143,0
aa:ca:5a:79:0a:40,6,9.0,5.0,3.0,1.0,0.0,0.0,165,5
aa:e0:7d:30:75:7d,6,5.0,2.0,1.0,6.0,2.0,0.0,143,0
aa:f8:ba:f7:f0:1b,1,2.0,2.0,1.0,6.0,2.0,0.0,143,0
ae:07:da:a5:33:10,6,5.0,2.0,1.0,6.0,2.0,0.0,143,0
ae:09:f0:26:f0:c9,1,3.0,2.0,1.0,6.0,2.0,0.0,143,0
ae:0d:35:49:cb:d6,1,2.0,5.0,3.0,1.0,0.0,0.0,165,5
ae:23:74:48:cf:e5,6,5.0,2.0,1.0,6.0,2.0,0.0,143,0
ae:29:15:8a:46:7e,6,8.0,2.0,1.0,6.0,2.0,0.0,143,0
ae:2d:85:13:39:32,6,8.0,2.0,1.0,6.0,2.0,0.0,143,0
ae:45:ca:5d:3d:68,6,7.0,2.0,1.0,6.0,2.0,0.0,143,0
ae:51:46:b7:9f:a7,6,5.0,2.0,1.0,6.0,2.0,0.0,143,0
ae:55:4d:6a:54:9a,6,9.0,5.0,3.0,1.0,0.0,0.0,165,5
ae:65:ce:cc:38:f6,6,8.0,2.0,1.0,6.0,2.0,0.0,143,0
ae:6c:c7:c5:a8:cc,6,8.0,2.0,1.0,6.0,2.0,0.0,143,0
ae:6d:16:aa:4e:8f,1,3.0,2.0,1.0,6.0,2.0,0.0,143,0
ae:78:d0:6d:8e:64,1,1.0,2.0,1.0,6.0,2.0,0.0,143,0
ae:79:a3:25:0f:ec,6,5.0,2.0,1.0,6.0,2.0,0.0,143,0
ae:7c:96:20:7b:99,1,3.0,5.0,3.0,1.0,0.0,0.0,165,5
ae:b2:9f:89:7c:86,6,5.0,5.0,3.0,1.0,0.0,0.0,165,5
ae:b5:bf:a5:03:e2,1,1.0,5.0,3.0,1.0,0.0,0.0,165,5
ae:b5:e9:f3:e6:25,6,7.0,2.0,1.0,6.0,2.0,0.0,143,0
ae:b6:b3:91:46:4c,1,1.0,2.0,1.0,6.0,2.0,0.0,143,0
ae:c2:e4:c1:fb:f4,1,1.0,2.0,1.0,6.0,2.0,0.0,143,0
ae:d2:40:21:84:bb,6,6.0,5.0,3.0,1.0,0.0,0.0,165,5
ae:d4:42:a8:3d:3c,6,6.0,0.0,0.0,6.0,0.0,0.0,113,11
ae:ed:1c:0f:b1:b3,1,3.0,2.0,1.0,6.0,2.0,0.0,143,0
ae:f7:e7:43:ea:73,1,1.0,7.0,6.0,2.0,0.0,0.0,187,8
b2:1a:0c:a5:51:21,11,11.0,0.0,0.0,6.0,0.0,0.0,113,11
b2:1c:f8:49:7c:e1,1,3.0,2.0,1.0,6.0,2.0,0.0,143,0
b2:20:a8:a0:ff:03,6,8.0,2.0,1.0,6.0,2.0,0.0,143,0
b2:20:bf:9f:72:e9,11,10.0,2.0,1.0,6.0,2.0,0.0,131,2
b2:24:ea:04:6d:54,11,11.0,2.0,1.0,6.0,2.0,0.0,131,2
b2:24:f6:c8:e2:1d,1,1.0,2.0,1.0,6.0,2.0,0.0,143,0
b2:2b:96:9e:23:8d,6,6.0,2.0,1.0,6.0,2.0,0.0,143,0
b2:37:46:38:ba:df,6,8.0,2.0,1.0,6.0,2.0,0.0,143,0
b2:3c:35:ee:dd:98,1,1.0,2.0,1.0,6.0,2.0,0.0,143,0
b2:5c:ba:49:d6:73,6,7.0,2.0,1.0,6.0,2.0,0.0,143,0
b2:5e:e5:e8:31:83,6,7.0,2.0,1.0,6.0,2.0,0.0,143,0
b2:5e:e8:f8:84:31,1,3.0,2.0,1.0,6.0,2.0,0.0,143,0
b2:6c:06:d0:f2:d7,1,3.0,2.0,1.0,6.0,2.0,0.0,143,0
b2:71:f8:57:40:ac,6,7.0,2.0,1.0,6.0,2.0,0.0,143,0
b2:7b:58:c4:9f:84,6,6.0,2.0,1.0,6.0,2.0,0.0,143,0
b2:81:9f:5c:1d:b4,6,7.0,2.0,1.0,6.0,2.0,0.0,143,0
b2:84:d4:0b:7f:dd,6,5.0,2.0,1.0,6.0,2.0,0.0,143,0
b2:97:39:5b:4a:7b,6,8.0,2.0,1.0,6.0,2.0,0.0,143,0
b2:9d:4d:77:d0:59,11,11.0,2.0,1.0,6.0,2.0,0.0,131,2
b2:9d:98:4c:13:1b,1,1.0,2.0,1.0,6.0,2.0,0.0,143,0
b2:a6:bb:76:7e:ff,1,3.0,5.0,3.0,1.0,0.0,0.0,165,5
b2:b2:cb:17:21:cd,6,7.0,2.0,1.0,6.0,2.0,0.0,143,0
b2:ba:0b:c4:ff:7e,11,11.0,2.0,1.0,6.0,2.0,0.0,131,2
b2:ba:79:d3:45:d3,1,2.0,2.0,1.0,6.0,2.0,0.0,143,0
b2:bb:29:4e:a2:2e,1,1.0,2.0,1.0,6.0,2.0,0.0,143,0
b2:bf:43:73:c3:c1,6,7.0,2.0,1.0,6.0,2.0,0.0,143,0
b2:c1:65:c1:9f:e1,1,2.0,2.0,1.0,6.0,2.0,0.0,143,0
b2:cc:d6:fe:3d:2c,6,7.0,2.0,1.0,6.0,2.0,0.0,143,0
b2:e8:38:5f:6c:06,6,7.0,2.0,1.0,6.0,2.0,0.0,143,0
b2:e8:5d:eb:cf:df,1,1.0,2.0,1.0,6.0,2.0,0.0,143,0
b2:f4:3c:79:93:28,11,11.0,2.0,1.0,6.0,2.0,0.0,131,2
b2:fb:f2:17:cc:58,6,6.0,0.0,0.0,6.0,0.0,0.0,113,11
b2:fd:09:e1:cb:ef,1,2.0,2.0,1.0,6.0,2.0,0.0,143,0
b6:1f:fd:cd:07:56,11,11.0,2.0,1.0,6.0,2.0,0.0,131,2
b6:26:6d:39:23:4c,1,1.0,7.0,4.0,2.0,0.0,0.0,155,9
b6:2c:49:32:60:16,11,11.0,2.0,1.0,6.0,2.0,0.0,131,2
b6:36:8f:71:7d:09,6,5.0,2.0,1.0,6.0,2.0,0.0,143,0
b6:3b:b0:15:be:41,6,5.0,2.0,1.0,6.0,2.0,0.0,143,0
b6:5a:e0:e2:67:11,11,12.0,2.0,1.0,6.0,2.0,0.0,131,2
b6:70:f8:15:5f:65,6,5.0,2.0,1.0,6.0,2.0,0.0,143,0
b6:72:13:fb:c0:be,6,6.0,0.0,0.0,6.0,0.0,0.0,113,11
b6:8c:a2:b2:35:1f,1,2.0,2.0,1.0,6.0,2.0,0.0,143,0
b6:90:9f:d9:19:c5,6,6.0,2.0,1.0,6.0,2.0,0.0,143,0
b6:ad:ea:83:ab:12,6,7.0,2.0,1.0,6.0,2.0,0.0,143,0
b6:bc:2d:92:c9:90,11,11.0,2.0,1.0,6.0,2.0,0.0,131,2
b6:c0:fb:9e:98:9d,6,7.0,2.0,1.0,6.0,2.0,0.0,143,0
b6:cd:bc:1a:ed:54,6,7.0,2.0,1.0,6.0,2.0,0.0,143,0
b6:d3:35:3c:29:bb,11,11.0,2.0,1.0,6.0,2.0,0.0,131,2
b6:d6:a1:3f:f1:cf,6,8.0,2.0,1.0,6.0,2.0,0.0,143,0
b6:dd:84:e8:69:b7,1,1.0,2.0,1.0,6.0,2.0,0.0,143,0
b6:de:21:ff:36:5c,6,5.0,2.0,1.0,6.0,2.0,0.0,143,0
b6:e9:b7:54:53:1c,6,5.0,2.0,1.0,6.0,2.0,0.0,143,0
b7:97:f2:73:6f:f8,1,1.0,7.0,6.0,2.0,0.0,0.0,187,8
ba:07:d4:03:ea:f6,11,11.0,2.0,1.0,6.0,2.0,0.0,131,2
ba:1b:33:2a:63:1b,11,11.0,2.0,1.0,6.0,2.0,0.0,131,2
ba:1b:7e:55:ea:ff,6,5.0,2.0,1.0,6.0,2.0,0.0,143,0
ba:22:bf:a9:09:d7,11,11.0,5.0,5.0,1.0,0.0,0.0,143,7
ba:27:57:d0:93:b2,6,11.0,2.0,1.0,6.0,2.0,0.0,143,0
ba:27:d0:4d:83:8b,1,2.0,2.0,1.0,6.0,2.0,0.0,143,0
ba:3e:74:6d:af:20,6,7.0,2.0,1.0,6.0,2.0,0.0,143,0
ba:4e:37:1a:66:3e,1,3.0,2.0,1.0,6.0,2.0,0.0,143,0
ba:5c:0d:c0:89:0e,6,5.0,2.0,1.0,6.0,2.0,0.0,143,0
ba:6a:65:81:ac:98,11,11.0,5.0,5.0,1.0,0.0,0.0,143,7
ba:6e:ea:b8:4e:79,11,11.0,2.0,1.0,6.0,2.0,0.0,131,2
ba:6f:f3:01:0a:b4,1,2.0,2.0,1.0,6.0,2.0,0.0,143,0
ba:76:d8:ee:6b:0b,6,8.0,2.0,1.0,6.0,2.0,0.0,143,0
ba:86:2d:b7:d9:98,6,6.0,2.0,1.0,6.0,2.0,0.0,143,0
ba:9e:3b:b6:d4:22,11,11.0,2.0,1.0,6.0,2.0,0.0,131,2
ba:a8:fc:15:3a:df,6,7.0,2.0,1.0,6.0,2.0,0.0,143,0
ba:ad:e3:10:49:1c,11,11.0,2.0,1.0,6.0,2.0,0.0,131,2
ba:bf:eb:6e:fc:93,11,11.0,5.0,5.0,1.0,0.0,0.0,143,7
ba:d7:30:d5:44:44,6,7.0,2.0,1.0,6.0,2.0,0.0,143,0
be:19:eb:63:9b:73,6,7.0,2.0,1.0,6.0,2.0,0.0,143,0
be:26:3e:8d:27:a3,1,2.0,2.0,1.0,6.0,2.0,0.0,143,0
be:3e:9d:39:e4:03,1,3.0,2.0,1.0,6.0,2.0,0.0,143,0
be:46:df:5a:57:7e,1,2.0,2.0,1.0,6.0,2.0,0.0,143,0
be:48:9f:a9:ab:63,1,1.0,2.0,1.0,6.0,2.0,0.0,143,0
be:55:5d:05:ae:1a,6,5.0,2.0,1.0,6.0,2.0,0.0,143,0
be:5b:e9:4c:4e:70,1,2.0,2.0,1.0,6.0,2.0,0.0,143,0
be:5e:8e:2a:2e:11,6,8.0,2.0,1.0,6.0,2.0,0.0,143,0
be:70:56:4b:7a:a5,1,1.0,2.0,1.0,6.0,2.0,0.0,143,0
be:70:6e:d2:07:37,11,11.0,2.0,1.0,6.0,2.0,0.0,131,2
be:70:ed:4e:da:49,1,1.0,2.0,1.0,6.0,2.0,0.0,143,0
be:71:ba:6f:ac:d5,1,1.0,2.0,1.0,6.0,2.0,0.0,143,0
be:74:78:ce:a5:cb,1,2.0,2.0,1.0,6.0,2.0,0.0,143,0
be:76:3a:3e:06:83,11,11.0,2.0,1.0,6.0,2.0,0.0,131,2
be:7b:d2:27:bc:60,6,6.0,2.0,1.0,6.0,2.0,0.0,143,0
be:7e:74:89:9f:22,11,11.0,0.0,0.0,6.0,0.0,0.0,113,11
be:82:93:60:3e:7e,11,11.0,2.0,1.0,6.0,2.0,0.0,131,2
be:85:d9:98:f8:25,1,3.0,2.0,1.0,6.0,2.0,0.0,143,0
be:92:c2:9d:cb:4a,11,11.0,2.0,1.0,6.0,2.0,0.0,131,2
be:97:60:3d:3a:c2,11,11.0,5.0,5.0,1.0,0.0,0.0,143,7
be:ab:db:ad:92:cb,1,4.0,2.0,1.0,6.0,2.0,0.0,143,0
be:b2:45:59:45:4d,6,6.0,2.0,1.0,6.0,2.0,0.0,143,0
be:b3:54:26:76:42,1,2.0,2.0,1.0,6.0,2.0,0.0,143,0
be:b8:4a:77:5b:9b,6,7.0,5.0,3.0,1.0,0.0,0.0,165,5
be:c3:b4:f1:54:7e,1,3.0,2.0,1.0,6.0,2.0,0.0,143,0
be:c3:b8:01:74:40,1,1.0,2.0,1.0,6.0,2.0,0.0,143,0
be:c6:64:d4:a1:e5,6,6.0,2.0,1.0,6.0,2.0,0.0,143,0
be:cb:fd:91:a8:8a,1,2.0,2.0,1.0,6.0,2.0,0.0,143,0
be:d2:ce:08:e3:8e,1,2.0,2.0,1.0,6.0,2.0,0.0,143,0
be:d4:a6:eb:1f:6c,6,6.0,2.0,1.0,6.0,2.0,0.0,143,0
be:e5:fa:6d:14:59,11,11.0,5.0,5.0,1.0,0.0,0.0,143,7
be:ee:6b:91:e9:08,1,3.0,2.0,1.0,6.0,2.0,0.0,143,0
be:f1:13:13:88:9d,6,7.0,5.0,3.0,1.0,0.0,0.0,165,5
be:f3:16:63:f8:d4,1,3.0,2.0,1.0,6.0,2.0,0.0,143,0
be:f3:96:ec:b9:cf,11,12.0,2.0,1.0,6.0,0.0,0.0,113,4
be:fd:96:7e:f3:38,1,3.0,2.0,1.0,6.0,2.0,0.0,143,0
be:ff:52:61:75:48,1,2.0,2.0,1.0,6.0,2.0,0.0,143,0
c2:00:ae:c6:f5:23,1,1.0,2.0,1.0,6.0,2.0,0.0,143,0
c2:04:e8:3b:14:9f,11,11.0,0.0,0.0,6.0,0.0,0.0,113,11
c2:11:09:c4:05:ae,1,1.0,5.0,3.0,1.0,0.0,0.0,165,5
c2:2e:ea:a8:16:da,6,6.0,2.0,1.0,6.0,2.0,0.0,143,0
c2:35:1e:08:a4:60,11,11.0,2.0,1.0,6.0,2.0,0.0,131,2
c2:4c:ce:15:25:c5,6,6.0,2.0,1.0,6.0,2.0,0.0,143,0
c2:54:4a:c0:1a:60,6,6.0,2.0,1.0,6.0,2.0,0.0,143,0
c2:5f:8b:f9:d2:c6,1,1.0,2.0,1.0,6.0,2.0,0.0,143,0
c2:72:38:a8:a2:8e,1,2.0,2.0,1.0,6.0,2.0,0.0,143,0
c2:8c:c7:39:8f:07,6,5.0,2.0,1.0,6.0,2.0,0.0,143,0
c2:8d:3d:44:08:a4,1,3.0,2.0,1.0,6.0,2.0,0.0,143,0
c2:aa:fb:a4:11:a5,11,11.0,2.0,1.0,6.0,2.0,0.0,131,2
c2:b7:78:5f:f8:74,1,1.0,2.0,1.0,6.0,2.0,0.0,143,0
c2:c1:d7:d4:52:aa,6,8.0,2.0,1.0,6.0,2.0,0.0,143,0
c2:c9:7e:e1:42:f2,6,5.0,2.0,1.0,6.0,2.0,0.0,143,0
c2:da:c8:b2:c9:bd,11,12.0,5.0,3.0,1.0,0.0,0.0,165,5
c2:fa:6b:b9:c8:93,6,7.0,2.0,1.0,6.0,2.0,0.0,143,0
c6:01:70:10:4c:9b,1,2.0,2.0,1.0,6.0,2.0,0.0,143,0
c6:0d:5f:01:b2:df,6,5.0,2.0,1.0,6.0,2.0,0.0,143,0
c6:20:27:ae:31:2c,1,3.0,2.0,1.0,6.0,2.0,0.0,143,0
c6:23:95:23:55:60,6,8.0,2.0,1.0,6.0,2.0,0.0,143,0
c6:35:c0:a9:77:e7,6,8.0,5.0,3.0,1.0,0.0,0.0,165,5
c6:44:e6:e2:ec:a1,11,9.0,2.0,1.0,6.0,0.0,0.0,113,4
c6:49:8c:5f:ee:b7,6,5.0,2.0,1.0,6.0,2.0,0.0,143,0
c6:55:30:32:97:04,6,5.0,2.0,1.0,6.0,2.0,0.0,143,0
c6:59:18:58:fb:3e,1,2.0,2.0,1.0,6.0,2.0,0.0,143,0
c6:8c:76:01:94:de,6,5.0,2.0,1.0,6.0,2.0,0.0,143,0
c6:90:c6:ed:b9:22,1,1.0,2.0,1.0,6.0,2.0,0.0,143,0
c6:99:eb:9f:32:68,6,6.0,2.0,1.0,6.0,2.0,0.0,143,0
c6:9c:37:c6:6b:cd,6,6.0,2.0,1.0,6.0,2.0,0.0,143,0
c6:9e:57:7a:d7:35,11,11.0,2.0,1.0,6.0,2.0,0.0,131,2
c6:ab:47:ea:78:68,11,11.0,2.0,1.0,6.0,2.0,0.0,131,2
c6:ad:d7:28:7b:ac,1,3.0,2.0,1.0,6.0,2.0,0.0,143,0
c6:d7:6f:b7:c7:d5,11,11.0,0.0,0.0,6.0,0.0,0.0,113,11
c6:dc:23:da:91:15,6,8.0,2.0,1.0,6.0,2.0,0.0,143,0
c6:e7:bc:7b:36:98,1,1.0,2.0,1.0,6.0,2.0,0.0,143,0
ca:17:f1:4e:ed:f3,1,3.0,2.0,1.0,6.0,2.0,0.0,143,0
ca:1f:1f:c9:44:1b,11,11.0,2.0,1.0,6.0,2.0,0.0,131,2
ca:26:3a:15:56:f3,6,6.0,0.0,0.0,6.0,0.0,0.0,113,11
ca:34:66:92:a7:5c,1,2.0,2.0,1.0,6.0,2.0,0.0,143,0
ca:43:63:af:75:5e,6,6.0,2.0,1.0,6.0,0.0,0.0,113,4
ca:61:53:e3:e5:b6,11,11.0,5.0,5.0,1.0,0.0,0.0,143,7
ca:7b:de:db:a7:5b,6,7.0,2.0,1.0,6.0,2.0,0.0,143,0
ca:94:ea:b4:55:78,11,11.0,2.0,1.0,6.0,2.0,0.0,131,2
ca:b7:77:90:c9:25,6,7.0,2.0,1.0,6.0,2.0,0.0,143,0
ca:c3:e3:e2:00:e1,6,6.0,2.0,1.0,6.0,2.0,0.0,143,0
ca:ce:2c:85:00:7c,1,2.0,2.0,1.0,6.0,2.0,0.0,143,0
ca:e2:ec:0c:a7:1e,1,1.0,2.0,1.0,6.0,2.0,0.0,143,0
ca:e4:56:f8:41:47,1,1.0,2.0,1.0,6.0,2.0,0.0,143,0
ca:ec:6a:3f:f2:9a,1,2.0,2.0,1.0,6.0,2.0,0.0,143,0
ca:ee:73:03:8b:03,11,13.0,2.0,1.0,6.0,0.0,0.0,113,4
ca:ef:29:17:b3:f7,1,1.0,2.0,1.0,6.0,2.0,0.0,143,0
ca:f1:36:ec:39:9d,6,8.0,2.0,1.0,6.0,2.0,0.0,143,0
ce:01:fc:0c:56:fe,6,5.0,2.0,1.0,6.0,2.0,0.0,143,0
ce:16:11:10:24:a8,6,5.0,2.0,1.0,6.0,2.0,0.0,143,0
ce:19:0c:86:08:b1,6,6.0,2.0,1.0,6.0,2.0,0.0,143,0
ce:19:ea:8d:d7:a3,1,3.0,2.0,1.0,6.0,2.0,0.0,143,0
ce:1e:79:be:60:b5,11,11.0,2.0,1.0,6.0,2.0,0.0,131,2
ce:26:fa:58:72:02,6,6.0,2.0,1.0,6.0,2.0,0.0,143,0
ce:42:34:72:11:15,11,11.0,0.0,0.0,6.0,0.0,0.0,113,11
ce:46:94:8b:2f:2a,1,2.0,2.0,1.0,6.0,2.0,0.0,143,0
ce:48:5a:71:c3:57,11,11.0,2.0,1.0,6.0,2.0,0.0,131,2
ce:5a:f7:4e:f8:a6,6,8.0,2.0,1.0,6.0,2.0,0.0,143,0
ce:5b:e5:26:ca:0e,6,6.0,2.0,1.0,6.0,2.0,0.0,143,0
ce:60:d0:25:90:39,6,8.0,2.0,1.0,6.0,2.0,0.0,143,0
ce:7e:ef:33:c6:cc,6,5.0,2.0,1.0,6.0,2.0,0.0,143,0
ce:81:fa:46:5a:db,6,6.0,5.0,3.0,1.0,0.0,0.0,165,5
ce:8a:ce:0a:86:d3,11,11.0,2.0,1.0,6.0,2.0,0.0,131,2
ce:8d:61:1d:91:b7,1,3.0,2.0,1.0,6.0,2.0,0.0,143,0
ce:9d:e0:2e:37:ec,11,11.0,2.0,1.0,6.0,2.0,0.0,131,2
ce:ab:38:8c:57:37,11,11.0,2.0,1.0,6.0,2.0,0.0,131,2
ce:ae:89:5d:9c:e2,6,7.0,2.0,1.0,6.0,2.0,0.0,143,0
ce:b0:5f:7f:09:af,1,2.0,2.0,1.0,6.0,2.0,0.0,143,0
ce:c2:e1:f8:5e:50,6,6.0,2.0,1.0,6.0,2.0,0.0,143,0
ce:dd:8b:96:72:ff,11,11.0,2.0,1.0,6.0,2.0,0.0,131,2
ce:f6:a8:04:f5:e4,1,2.0,2.0,1.0,6.0,2.0,0.0,143,0
ce:f6:ff:e0:72:3d,6,6.0,5.0,3.0,1.0,0.0,0.0,165,5
d2:02:bf:50:8d:de,6,8.0,2.0,1.0,6.0,2.0,0.0,143,0
d2:17:a7:ab:24:bd,11,1.0,2.0,1.0,6.0,2.0,0.0,131,2
d2:1f:59:a6:74:5b,1,1.0,2.0,1.0,6.0,2.0,0.0,143,0
d2:29:74:35:59:df,1,2.0,2.0,1.0,6.0,2.0,0.0,143,0
d2:32:77:3d:ca:90,11,11.0,2.0,1.0,6.0,2.0,0.0,131,2
d2:3c:d8:0f:52:7d,11,11.0,2.0,1.0,6.0,2.0,0.0,131,2
d2:3e:21:1c:e6:2f,1,1.0,2.0,1.0,6.0,2.0,0.0,143,0
d2:3f:a7:55:39:39,6,7.0,2.0,1.0,6.0,2.0,0.0,143,0
d2:40:1e:53:be:36,6,6.0,2.0,1.0,6.0,2.0,0.0,143,0
d2:43:0f:4b:4d:6b,1,1.0,2.0,1.0,6.0,2.0,0.0,143,0
d2:43:58:7f:4b:c7,1,3.0,2.0,1.0,6.0,2.0,0.0,143,0
d2:4b:30:d1:06:3d,6,4.0,2.0,1.0,6.0,2.0,0.0,143,0
d2:53:0a:d4:4f:99,1,1.0,2.0,1.0,6.0,2.0,0.0,143,0
d2:5b:42:ef:34:47,11,11.0,2.0,1.0,6.0,2.0,0.0,131,2
d2:8c:90:62:f3:fd,1,1.0,2.0,1.0,6.0,2.0,0.0,143,0
d2:90:12:c6:54:34,11,11.0,2.0,1.0,6.0,2.0,0.0,131,2
d2:91:d8:89:03:9f,6,5.0,2.0,1.0,6.0,2.0,0.0,143,0
d2:95:62:11:08:22,11,11.0,2.0,1.0,6.0,2.0,0.0,131,2
d2:97:30:6d:3a:8b,6,3.0,5.0,3.0,1.0,0.0,0.0,165,5
d2:a5:7f:8c:bf:37,11,11.0,2.0,1.0,6.0,0.0,0.0,113,4
d2:a7:fc:a6:e6:12,1,3.0,2.0,1.0,6.0,2.0,0.0,143,0
d2:a8:11:60:3c:8a,6,6.0,2.0,1.0,6.0,2.0,0.0,143,0
d2:dc:49:38:ab:f1,6,7.0,2.0,1.0,6.0,2.0,0.0,143,0
d2:f8:fc:41:1a:47,11,11.0,2.0,1.0,6.0,2.0,0.0,131,2
d6:0f:82:a7:8b:52,11,11.0,2.0,1.0,6.0,2.0,0.0,131,2
d6:0f:be:b5:52:5e,1,2.0,2.0,1.0,6.0,2.0,0.0,143,0
d6:13:28:29:c4:f2,6,6.0,0.0,0.0,6.0,0.0,0.0,113,11
d6:19:51:5e:82:86,6,6.0,5.0,3.0,1.0,0.0,0.0,165,5
d6:1e:7c:0c:ce:4d,1,2.0,2.0,1.0,6.0,2.0,0.0,143,0
d6:23:b5:38:f5:25,6,5.0,2.0,1.0,6.0,2.0,0.0,143,0
d6:2b:22:1f:1f:0a,1,1.0,2.0,1.0,6.0,2.0,0.0,143,0
d6:2f:5f:29:75:71,1,1.0,2.0,1.0,6.0,2.0,0.0,143,0
d6:3c:bb:2e:95:dc,6,8.0,2.0,1.0,6.0,2.0,0.0,143,0
d6:56:2d:d7:5b:c6,6,6.0,5.0,3.0,1.0,0.0,0.0,165,5
d6:5a:ed:6c:56:e4,6,6.0,2.0,1.0,6.0,0.0,0.0,113,4
d6:68:22:b1:34:1b,6,7.0,2.0,1.0,6.0,2.0,0.0,143,0
d6:71:3c:3c:55:89,6,8.0,2.0,1.0,6.0,2.0,0.0,143,0
d6:7a:cc:9b:d3:23,1,3.0,5.0,3.0,1.0,0.0,0.0,165,5
d6:7d:1d:16:13:b1,6,5.0,2.0,1.0,6.0,2.0,0.0,143,0
d6:7f:f1:f7:6e:9f,11,11.0,2.0,1.0,6.0,2.0,0.0,131,2
d6:8c:38:2e:3b:56,1,1.0,2.0,1.0,6.0,2.0,0.0,143,0
d6:96:56:fb:c5:92,11,11.0,2.0,1.0,6.0,2.0,0.0,131,2
d6:9c:7b:98:07:24,6,7.0,2.0,1.0,6.0,2.0,0.0,143,0
d6:a3:71:e0:59:4e,6,7.0,2.0,1.0,6.0,2.0,0.0,143,0
d6:b1:dd:64:fe:cb,6,7.0,2.0,1.0,6.0,2.0,0.0,143,0
d6:bb:1b:10:0c:e0,6,7.0,2.0,1.0,6.0,2.0,0.0,143,0
d6:da:c6:d8:41:27,11,12.0,2.0,1.0,6.0,0.0,0.0,113,4
d6:dd:f0:40:d5:30,1,3.0,2.0,1.0,6.0,2.0,0.0,143,0
d6:ea:9d:65:7a:c0,1,1.0,2.0,1.0,6.0,2.0,0.0,143,0
d8:02:f7:26:73:97,1,1.0,7.0,6.0,2.0,0.0,0.0,187,8
d8:ea:0c:53:60:f4,1,,6.0,7.0,5.0,1.0,1.0,142,14
da:12:db:a7:ae:90,1,2.0,2.0,1.0,6.0,2.0,0.0,143,0
da:18:3f:e4:1d:e9,1,1.0,0.0,0.0,6.0,0.0,0.0,101,10
da:19:53:66:66:6a,6,7.0,2.0,1.0,6.0,2.0,0.0,143,0
da:24:60:8f:b5:09,11,12.0,2.0,1.0,6.0,0.0,0.0,113,4
da:40:da:18:3a:0c,1,1.0,2.0,1.0,6.0,2.0,0.0,143,0
da:4f:9b:99:42:d0,6,5.0,2.0,1.0,6.0,2.0,0.0,143,0
da:57:9f:1b:b6:8f,6,5.0,2.0,1.0,6.0,2.0,0.0,143,0
da:65:7c:ef:fc:6b,11,11.0,2.0,1.0,6.0,2.0,0.0,131,2
da:6c:6a:f2:43:54,1,2.0,2.0,1.0,6.0,2.0,0.0,143,0
da:6c:9c:59:4d:94,1,3.0,2.0,1.0,6.0,2.0,0.0,143,0
da:78:c9:ef:29:38,1,2.0,2.0,1.0,6.0,2.0,0.0,143,0
da:84:50:6d:ef:36,6,5.0,2.0,1.0,6.0,2.0,0.0,143,0
da:8e:59:26:62:a7,11,11.0,5.0,3.0,1.0,0.0,0.0,153,6
da:8f:58:93:d3:dd,1,1.0,5.0,3.0,1.0,0.0,0.0,165,5
da:ca:7f:70:6c:33,1,1.0,5.0,3.0,1.0,0.0,0.0,165,5
da:d4:58:f4:fa:0c,1,1.0,5.0,3.0,1.0,0.0,0.0,165,5
da:e0:6d:6d:92:c2,1,1.0,2.0,1.0,6.0,2.0,0.0,143,0
da:e4:41:c5:fd:5d,11,11.0,2.0,1.0,6.0,2.0,0.0,131,2
da:e4:9a:bb:8f:19,1,1.0,2.0,1.0,6.0,2.0,0.0,143,0
da:e7:0c:ec:45:04,6,7.0,2.0,1.0,6.0,2.0,0.0,143,0
da:f7:da:12:37:d5,6,8.0,2.0,1.0,6.0,2.0,0.0,143,0
da:fd:55:a9:b2:5d,11,11.0,5.0,3.0,1.0,0.0,0.0,153,6
de:28:35:82:cc:dd,6,5.0,2.0,1.0,6.0,2.0,0.0,143,0
de:29:5a:44:5b:4c,11,11.0,2.0,1.0,6.0,2.0,0.0,131,2
de:2a:1f:c0:c3:f4,11,11.0,2.0,1.0,6.0,2.0,0.0,131,2
de:38:dd:74:c7:37,1,2.0,2.0,1.0,6.0,2.0,0.0,143,0
de:42:11:5f:cf:69,1,3.0,2.0,1.0,6.0,2.0,0.0,143,0
de:5b:12:42:d6:d8,6,8.0,2.0,1.0,6.0,2.0,0.0,143,0
de:6c:5f:54:5a:9a,6,6.0,2.0,1.0,6.0,2.0,0.0,143,0
de:6d:8d:e0:2e:83,1,3.0,2.0,1.0,6.0,2.0,0.0,143,0
de:74:ee:39:30:b7,6,5.0,2.0,1.0,6.0,2.0,0.0,143,0
de:77:c9:b5:0a:fa,1,2.0,2.0,1.0,6.0,2.0,0.0,143,0
de:7c:13:fe:f9:a5,6,5.0,2.0,1.0,6.0,2.0,0.0,143,0
de:9c:d7:30:60:48,6,6.0,2.0,1.0,6.0,0.0,0.0,113,4
de:bf:19:57:c0:27,6,5.0,2.0,1.0,6.0,2.0,0.0,143,0
de:ca:8b:59:a8:ae,1,1.0,5.0,3.0,1.0,0.0,0.0,165,5
de:cd:dd:cb:10:4f,6,6.0,2.0,1.0,6.0,2.0,0.0,143,0
de:e3:69:de:72:69,6,5.0,2.0,1.0,6.0,2.0,0.0,143,0
de:ed:2a:09:24:97,1,1.0,5.0,3.0,1.0,0.0,0.0,165,5
de:f1:94:09:9c:bb,1,3.0,2.0,1.0,6.0,2.0,0.0,143,0
de:f2:fd:0e:06:d0,11,11.0,2.0,1.0,6.0,2.0,0.0,131,2
de:f9:df:76:7e:07,6,6.0,0.0,0.0,6.0,0.0,0.0,113,11
de:fe:4d:49:41:6a,1,1.0,2.0,1.0,6.0,2.0,0.0,143,0
e2:27:90:33:b5:bf,6,9.0,5.0,3.0,1.0,0.0,0.0,165,5
e2:36:dd:28:1c:68,6,7.0,2.0,1.0,6.0,2.0,0.0,143,0
e2:3e:d3:a8:92:f0,1,1.0,2.0,1.0,6.0,2.0,0.0,143,0
e2:43:fc:30:e3:85,1,2.0,2.0,1.0,6.0,2.0,0.0,143,0
e2:70:06:6c:b5:25,1,2.0,2.0,1.0,6.0,2.0,0.0,143,0
e2:86:aa:d7:63:05,6,7.0,2.0,1.0,6.0,2.0,0.0,143,0
e2:92:9f:63:68:f7,11,11.0,2.0,1.0,6.0,2.0,0.0,131,2
e2:b1:25:91:6d:4f,1,1.0,2.0,1.0,6.0,2.0,0.0,143,0
e2:ba:37:61:1b:3d,11,11.0,0.0,0.0,6.0,0.0,0.0,113,11
e2:ba:d0:c3:ce:5b,6,6.0,0.0,0.0,6.0,0.0,0.0,113,11
e2:bc:8d:78:d1:96,6,6.0,2.0,1.0,6.0,0.0,0.0,113,4
e2:be:73:b1:64:7b,11,11.0,2.0,1.0,6.0,2.0,0.0,131,2
e2:c2:78:fb:6f:56,1,2.0,2.0,1.0,6.0,2.0,0.0,143,0
e2:c9:16:fc:55:f2,1,2.0,2.0,1.0,6.0,2.0,0.0,143,0
e2:d3:c5:10:70:b1,6,5.0,2.0,1.0,6.0,2.0,0.0,143,0
e2:d9:34:64:cb:fe,6,6.0,2.0,1.0,6.0,2.0,0.0,143,0
e2:dd:64:4b:3e:6f,6,4.0,2.0,1.0,6.0,2.0,0.0,143,0
e2:f6:3f:db:02:0d,1,1.0,2.0,1.0,6.0,2.0,0.0,143,0
e2:fc:92:c0:e3:cb,1,1.0,2.0,1.0,6.0,2.0,0.0,143,0
e2:fe:52:ac:52:9a,1,1.0,2.0,1.0,6.0,2.0,0.0,143,0
e6:12:7a:64:cb:16,6,7.0,2.0,1.0,6.0,2.0,0.0,143,0
e6:1e:65:0b:50:37,6,7.0,2.0,1.0,6.0,2.0,0.0,143,0
e6:30:2e:71:ba:7a,1,1.0,2.0,1.0,6.0,2.0,0.0,143,0
e6:3c:3a:c0:0e:6a,6,6.0,2.0,1.0,6.0,2.0,0.0,143,0
e6:65:2c:df:cf:cc,6,6.0,2.0,1.0,6.0,2.0,0.0,143,0
e6:65:b7:28:fa:3f,1,3.0,2.0,1.0,6.0,2.0,0.0,143,0
e6:66:54:7a:9b:4d,6,5.0,2.0,1.0,6.0,2.0,0.0,143,0
e6:8b:e6:56:87:18,1,2.0,2.0,1.0,6.0,2.0,0.0,143,0
e6:9f:75:7c:11:99,6,6.0,2.0,1.0,6.0,2.0,0.0,143,0
e6:a4:f7:0a:ef:73,6,8.0,2.0,1.0,6.0,2.0,0.0,143,0
e6:ac:6f:44:1e:fc,1,3.0,2.0,1.0,6.0,2.0,0.0,143,0
e6:af:84:ec:8a:4c,6,8.0,2.0,1.0,6.0,2.0,0.0,143,0
e6:b3:56:5c:35:d8,1,3.0,2.0,1.0,6.0,2.0,0.0,143,0
e6:ba:5f:94:31:ea,6,7.0,2.0,1.0,6.0,2.0,0.0,143,0
e6:c6:c2:40:cf:79,6,7.0,2.0,1.0,6.0,2.0,0.0,143,0
e6:db:ab:8f:1a:8a,6,6.0,2.0,1.0,6.0,2.0,0.0,143,0
e6:de:74:f2:af:4a,11,11.0,2.0,1.0,6.0,2.0,0.0,131,2
e6:e6:0e:ed:f0:3d,11,10.0,2.0,1.0,6.0,2.0,0.0,131,2
e6:ef:98:94:4b:0a,11,11.0,2.0,1.0,6.0,2.0,0.0,131,2
ea:15:09:72:dd:51,11,12.0,2.0,1.0,6.0,0.0,0.0,113,4
ea:1a:dd:e5:f6:96,1,2.0,2.0,1.0,6.0,2.0,0.0,143,0
ea:24:55:d9:53:67,6,11.0,2.0,1.0,6.0,2.0,0.0,143,0
ea:25:66:b4:62:29,11,11.0,2.0,1.0,6.0,2.0,0.0,131,2
ea:26:36:a0:e2:d9,6,6.0,5.0,3.0,1.0,0.0,0.0,165,5
ea:2b:f1:3d:56:fc,1,1.0,2.0,1.0,6.0,2.0,0.0,143,0
ea:30:71:e4:c4:55,6,8.0,2.0,1.0,6.0,0.0,0.0,113,4
ea:37:d0:82:c0:e3,6,7.0,2.0,1.0,6.0,2.0,0.0,143,0
ea:3c:12:1a:e5:76,1,3.0,2.0,1.0,6.0,2.0,0.0,143,0
ea:3e:36:ab:05:1d,6,7.0,2.0,1.0,6.0,2.0,0.0,143,0
ea:63:ed:76:4a:88,1,2.0,2.0,1.0,6.0,2.0,0.0,143,0
ea:73:07:28:0f:8f,6,8.0,2.0,1.0,6.0,2.0,0.0,143,0
ea:73:83:f1:dc:a5,11,11.0,2.0,1.0,6.0,2.0,0.0,131,2
ea:b1:b8:51:d6:14,6,6.0,5.0,3.0,1.0,0.0,0.0,165,5
ea:b1:dc:2f:bf:ca,6,6.0,2.0,1.0,6.0,0.0,0.0,113,4
ea:b9:04:87:b9:8f,11,12.0,2.0,1.0,6.0,0.0,0.0,113,4
ea:c6:65:03:84:a9,11,11.0,2.0,1.0,6.0,2.0,0.0,131,2
ea:d7:72:55:2f:e1,1,2.0,2.0,1.0,6.0,2.0,0.0,143,0
ea:f8:df:d2:2c:19,6,4.0,5.0,3.0,1.0,0.0,0.0,165,5
ec:c0:0f:94:26:87,1,1.0,7.0,6.0,2.0,0.0,0.0,187,8
ee:13:04:f4:e2:2f,6,8.0,2.0,1.0,6.0,2.0,0.0,143,0
ee:19:00:b1:93:44,1,2.0,2.0,1.0,6.0,2.0,0.0,143,0
ee:24:2c:bc:42:f8,11,11.0,2.0,1.0,6.0,2.0,0.0,131,2
ee:32:34:40:aa:94,6,8.0,2.0,1.0,6.0,2.0,0.0,143,0
ee:3f:8b:21:a6:37,1,3.0,2.0,1.0,6.0,2.0,0.0,143,0
ee:44:0e:cf:a0:85,1,1.0,2.0,1.0,6.0,2.0,0.0,143,0
ee:55:f7:54:22:dc,6,7.0,2.0,1.0,6.0,2.0,0.0,143,0
ee:5e:c1:43:a6:26,1,2.0,2.0,1.0,6.0,2.0,0.0,143,0
ee:7d:45:c2:28:4c,1,3.0,2.0,1.0,6.0,2.0,0.0,143,0
ee:88:15:43:ed:5e,1,3.0,2.0,1.0,6.0,2.0,0.0,143,0
ee:94:83:e7:e7:20,6,6.0,0.0,0.0,6.0,0.0,0.0,113,11
ee:a8:62:b1:8e:97,1,1.0,2.0,1.0,6.0,2.0,0.0,143,0
ee:ad:f4:2b:1b:1f,1,1.0,2.0,1.0,6.0,2.0,0.0,143,0
ee:ae:0a:c9:fe:c8,1,1.0,2.0,1.0,6.0,2.0,0.0,143,0
ee:d2:25:a5:a8:a2,6,8.0,2.0,1.0,6.0,2.0,0.0,143,0
ee:d2:87:f0:a8:90,11,11.0,5.0,5.0,1.0,0.0,0.0,143,7
ee:d3:5c:39:e0:85,1,3.0,2.0,1.0,6.0,2.0,0.0,143,0
ee:d6:bb:29:c9:cd,6,8.0,2.0,1.0,6.0,2.0,0.0,143,0
f2:07:cc:4d:cf:5b,11,11.0,2.0,1.0,6.0,2.0,0.0,131,2
f2:09:8d:22:a0:2d,6,6.0,2.0,1.0,6.0,2.0,0.0,143,0
f2:16:ab:b8:62:eb,1,1.0,2.0,1.0,6.0,2.0,0.0,143,0
f2:24:1d:98:82:40,6,6.0,2.0,1.0,6.0,2.0,0.0,143,0
f2:25:46:0e:c8:f8,1,1.0,0.0,0.0,6.0,0.0,0.0,101,10
f2:25:47:6d:95:b8,1,3.0,2.0,1.0,6.0,2.0,0.0,143,0
f2:38:a9:61:f9:78,1,1.0,2.0,1.0,6.0,2.0,0.0,143,0
f2:3a:94:eb:74:10,1,1.0,2.0,1.0,6.0,2.0,0.0,143,0
f2:3f:fb:e0:59:f4,6,5.0,2.0,1.0,6.0,2.0,0.0,143,0
f2:46:45:40:59:d5,6,6.0,5.0,3.0,1.0,0.0,0.0,165,5
f2:48:4b:50:10:d2,1,2.0,2.0,1.0,6.0,2.0,0.0,143,0
f2:59:3d:6e:31:69,6,6.0,2.0,1.0,6.0,2.0,0.0,143,0
f2:6c:c3:32:3e:d1,1,2.0,2.0,1.0,6.0,2.0,0.0,143,0
f2:6c:eb:e7:aa:dd,6,8.0,5.0,3.0,1.0,0.0,0.0,165,5
f2:82:76:98:d2:5d,11,11.0,2.0,1.0,6.0,2.0,0.0,131,2
f2:9b:21:79:f3:03,1,2.0,2.0,1.0,6.0,2.0,0.0,143,0
f2:ac:51:45:e5:36,11,11.0,0.0,0.0,6.0,0.0,0.0,113,11
f2:b6:d0:6b:01:e4,6,8.0,2.0,1.0,6.0,2.0,0.0,143,0
f2:be:8b:12:f3:0e,11,11.0,2.0,1.0,6.0,2.0,0.0,131,2
f2:be:f2:cf:8b:9c,6,7.0,2.0,1.0,6.0,2.0,0.0,143,0
f2:d2:77:3c:24:2d,6,6.0,2.0,1.0,6.0,2.0,0.0,143,0
f2:e7:55:50:51:cf,1,3.0,2.0,1.0,6.0,2.0,0.0,143,0
f2:e8:b6:44:27:21,11,11.0,5.0,5.0,1.0,0.0,0.0,143,7
f2:e9:6a:09:28:1a,1,3.0,2.0,1.0,6.0,2.0,0.0,143,0
f6:03:60:e1:38:b4,11,11.0,2.0,1.0,6.0,0.0,0.0,113,4
f6:05:f2:bf:25:c2,1,3.0,2.0,1.0,6.0,2.0,0.0,143,0
f6:06:d4:f5:65:94,6,6.0,2.0,1.0,6.0,2.0,0.0,143,0
f6:1a:ca:11:85:9c,1,2.0,5.0,3.0,1.0,0.0,0.0,165,5
f6:2f:f7:c4:d6:2f,6,7.0,5.0,3.0,1.0,0.0,0.0,165,5
f6:33:35:0f:73:bd,1,2.0,2.0,1.0,6.0,2.0,0.0,143,0
f6:3f:e7:13:7a:ee,6,7.0,2.0,1.0,6.0,2.0,0.0,143,0
f6:42:7e:6a:c3:0f,1,2.0,5.0,3.0,1.0,0.0,0.0,165,5
f6:4c:12:a4:b0:b0,6,6.0,5.0,3.0,1.0,0.0,0.0,165,5
f6:64:27:73:ba:fc,6,8.0,2.0,1.0,6.0,2.0,0.0,143,0
f6:64:d9:4f:0d:59,1,1.0,2.0,1.0,6.0,2.0,0.0,143,0
f6:74:41:36:f9:c3,1,2.0,2.0,1.0,6.0,2.0,0.0,143,0
f6:7a:d2:67:34:ec,11,11.0,5.0,3.0,1.0,0.0,0.0,153,6
f6:7f:6e:da:4b:81,11,11.0,5.0,5.0,1.0,0.0,0.0,143,7
f6:8c:5b:48:68:51,6,7.0,2.0,1.0,6.0,2.0,0.0,143,0
f6:8d:22:0a:54:ea,6,7.0,2.0,1.0,6.0,2.0,0.0,143,0
f6:a7:58:d7:95:4b,1,3.0,2.0,1.0,6.0,2.0,0.0,143,0
f6:b8:23:cd:56:b2,6,6.0,2.0,1.0,6.0,2.0,0.0,143,0
f6:b8:40:47:3e:4a,1,2.0,2.0,1.0,6.0,2.0,0.0,143,0
f6:da:cd:e5:7f:9a,6,7.0,2.0,1.0,6.0,2.0,0.0,143,0
f6:f7:05:22:bb:6f,11,5.0,5.0,3.0,1.0,0.0,0.0,153,6
f6:fc:af:b8:94:ea,1,3.0,2.0,1.0,6.0,2.0,0.0,143,0
f6:fe:04:9b:df:fc,1,3.0,2.0,1.0,6.0,2.0,0.0,143,0
fa:13:65:a9:06:43,11,11.0,2.0,1.0,6.0,2.0,0.0,131,2
fa:2f:46:0f:c8:f3,11,11.0,2.0,1.0,6.0,2.0,0.0,131,2
fa:2f:e9:69:99:d2,6,7.0,2.0,1.0,6.0,2.0,0.0,143,0
fa:43:53:8a:c5:8a,1,1.0,2.0,1.0,6.0,2.0,0.0,143,0
fa:4d:08:e9:84:c1,1,2.0,2.0,1.0,6.0,2.0,0.0,143,0
fa:59:25:99:32:33,1,3.0,2.0,1.0,6.0,2.0,0.0,143,0
fa:5a:22:2d:68:86,11,11.0,2.0,1.0,6.0,2.0,0.0,131,2
fa:63:3c:88:96:34,1,2.0,2.0,1.0,6.0,2.0,0.0,143,0
fa:71:23:83:24:5c,1,3.0,2.0,1.0,6.0,2.0,0.0,143,0
fa:77:26:18:a3:8c,6,6.0,2.0,1.0,6.0,2.0,0.0,143,0
fa:80:0e:0c:39:ea,11,5.0,5.0,3.0,1.0,0.0,0.0,153,6
fa:84:61:8b:74:89,11,12.0,2.0,1.0,6.0,0.0,0.0,113,4
fa:88:f3:85:bb:23,6,6.0,2.0,1.0,6.0,2.0,0.0,143,0
fa:91:68:38:e5:f9,1,2.0,2.0,1.0,6.0,2.0,0.0,143,0
fa:94:23:16:90:f6,6,8.0,2.0,1.0,6.0,2.0,0.0,143,0
fa:99:4b:76:23:9a,11,11.0,2.0,1.0,6.0,0.0,0.0,113,4
fa:9d:c7:cd:c5:73,1,2.0,2.0,1.0,6.0,2.0,0.0,143,0
fa:9e:74:ea:e5:60,6,7.0,2.0,1.0,6.0,2.0,0.0,143,0
fa:c9:90:9a:83:50,6,6.0,2.0,1.0,6.0,2.0,0.0,143,0
fa:cb:01:16:e9:ca,6,6.0,2.0,1.0,6.0,2.0,0.0,143,0
fa:cb:15:ea:57:bd,1,2.0,2.0,1.0,6.0,2.0,0.0,143,0
fa:d7:75:b5:55:c9,11,12.0,2.0,1.0,6.0,2.0,0.0,131,2
fa:db:37:74:41:c2,11,12.0,2.0,1.0,6.0,2.0,0.0,131,2
fa:ec:84:8e:cd:2b,6,6.0,2.0,1.0,6.0,2.0,0.0,143,0
fa:f6:2d:e2:a6:73,6,8.0,2.0,1.0,6.0,2.0,0.0,143,0
fe:10:29:26:59:c8,6,8.0,2.0,1.0,6.0,2.0,0.0,143,0
fe:14:38:d9:20:14,1,3.0,2.0,1.0,6.0,2.0,0.0,143,0
fe:19:19:1d:93:44,6,6.0,2.0,1.0,6.0,2.0,0.0,143,0
fe:1a:23:a8:c4:b5,6,11.0,2.0,1.0,6.0,2.0,0.0,143,0
fe:24:dd:6d:b3:93,1,1.0,2.0,1.0,6.0,2.0,0.0,143,0
fe:2c:65:fb:0a:4e,11,11.0,5.0,5.0,1.0,0.0,0.0,143,7
fe:34:03:ea:d4:f2,6,5.0,2.0,1.0,6.0,2.0,0.0,143,0
fe:47:af:61:3b:c0,11,12.0,2.0,1.0,6.0,0.0,0.0,113,4
fe:5b:80:1e:44:c4,11,5.0,5.0,3.0,1.0,0.0,0.0,153,6
fe:65:96:0c:0c:52,1,1.0,2.0,1.0,6.0,2.0,0.0,143,0
fe:69:16:c2:88:96,6,5.0,2.0,1.0,6.0,2.0,0.0,143,0
fe:70:c8:d9:fe:0f,6,6.0,0.0,0.0,6.0,0.0,0.0,113,11
fe:75:aa:80:a1:df,6,7.0,2.0,1.0,6.0,2.0,0.0,143,0
fe:7f:77:f2:b4:32,1,1.0,2.0,1.0,6.0,2.0,0.0,143,0
fe:8c:04:0d:0f:15,11,12.0,2.0,1.0,6.0,0.0,0.0,113,4
fe:93:35:c4:ec:bb,1,1.0,5.0,3.0,1.0,0.0,0.0,165,5
fe:9b:39:3b:54:3a,6,8.0,2.0,1.0,6.0,2.0,0.0,143,0
fe:9c:28:c7:78:81,11,11.0,2.0,1.0,6.0,2.0,0.0,131,2
fe:9c:fe:d6:4c:43,1,2.0,2.0,1.0,6.0,2.0,0.0,143,0
fe:9d:55:a5:9f:4a,1,1.0,2.0,1.0,6.0,2.0,0.0,143,0
fe:9f:95:e5:48:12,6,6.0,5.0,3.0,1.0,0.0,0.0,165,5
fe:a1:fd:83:b7:a8,1,1.0,2.0,1.0,6.0,2.0,0.0,143,0
fe:b1:43:59:18:38,11,12.0,2.0,1.0,6.0,0.0,0.0,113,4
fe:bd:c9:8b:20:39,6,7.0,2.0,1.0,6.0,2.0,0.0,143,0
fe:c5:50:16:eb:8c,11,11.0,2.0,1.0,6.0,2.0,0.0,131,2
fe:ed:a5:45:e8:b9,11,11.0,5.0,5.0,1.0,0.0,0.0,143,7
fe:f5:97:dd:58:86,6,8.0,2.0,1.0,6.0,2.0,0.0,143,0
fe:f9:ac:47:0d:b7,11,11.0,2.0,1.0,6.0,2.0,0.0,131,2
fe:fc:aa:d1:89:d1,1,2.0,2.0,1.0,6.0,2.0,0.0,143,0
