app,feature_0,feature_1,feature_2,feature_3,feature_4,feature_5,feature_6,feature_7,feature_8,feature_9,feature_10,feature_11,feature_12,feature_13,feature_14,feature_15,feature_16,feature_17,feature_18,feature_19
abc,-583,3576.684210526316,3709.842105263158,3546.5263157894738,3385.315789473684,3253.368421052631,3909.157894736842,3892.1052631578946,7465.105263157893,19052.368421052626,68312.68421052632,74578.89474,89429.73684210533,144436.78947368418,159926.15789473685,182013.63157894736,206442.3684210526,252085.73684210525,252474.8947368421,252527
abc,-583,3558.0526315789475,3685,3605.7368421052633,3405.421052631579,3453.105263157895,3982.4736842105262,3967.315789473684,4958.6315789473665,12136.736842105262,29247.47368421053,64733.57894736838,72763.05263157889,107468.73684210517,148346.84210526312,217391.05263157884,241241.78947368418,252198.8947368421,252424.68421052632,252491
abc,-583,3570.4736842105262,3701.7368421052633,3564.2105263157896,3409.5263157894738,3211.7368421052633,3859.263157894737,4316.315789473684,11005.789473684214,24058.368421052633,61963.63157894737,70283.84210526322,115638.57894736844,159716.26315789478,175202.15789473685,199982.15789473685,223768.8947368421,252080.68421052632,252426.15789473685,252483
abc,-583,3564.2631578947367,3693.6315789473683,3583.684210526316,3372.1052631578946,3622.526315789474,4005.6315789473683,4413.684210526317,5832.105263157895,18646.315789473694,28148.05263157899,82154.89473684214,124810.15789473688,135326.2631578948,177413.94736842113,225603.1052631579,243001.10526315792,252199.36842105264,252474.42105263157,252536
abc,-583,3564.2631578947367,3693,3582.684210526316,3432.736842105263,3253.6315789473683,3757.631578947369,3931.578947368421,3906.0526315789475,4435.368421052632,30994.842105263197,65916.84210526316,106443.68421052638,130581.68421052636,149682.4210526316,203689.26315789472,226266.42105263163,252066.36842105264,252341.42105263157,252403
abc,-583,3558.0526315789475,3685.5263157894738,3606.7368421052633,3406.421052631579,3454.105263157895,3983.4736842105262,3968.315789473684,5951.894736842098,35975.05263157894,67559.05263157895,72963.47368421052,79006.42105263151,107468.73684210522,161188.31578947356,186812.73684210525,241241.78947368418,252188.47368421053,252402.68421052632,252469
abc,-583,3582.8947368421054,3717.9473684210525,3528.842105263158,3361.1052631578946,3421.7894736842104,3932.9473684210525,3886.6315789473683,4406.157894736842,18586.99999999998,57421.52631578946,76603.63157894736,110755.6315789473,126035.63157894734,151390.15789473685,186961.1052631579,227143.6315789473,252097.05263157893,252554.63157894736,252602
abc,-583,3657.157894736842,3540.6315789473683,3271.7894736842104,3820.0526315789475,4340.1578947368425,52762.78947368421,70246.42105263157,76227.21053,88949.36842105263,121178.42105263159,137908.94736842104,154501.84210526315,156402.2105263158,167191.3684210526,182320.84210526317,187318.68421052632,231945.1052631578,253258.05263157896,253460
abc,-583,3595.315789473684,3698.9473684210525,3457.3684210526317,3454.105263157895,4005.6315789473683,4070.0526315789475,4667.421052631578,19670.578947368427,62556.052631578954,67981.31578947368,72200.47368421052,85500.89473684209,110933.3157894737,136578.5789473684,181734.36842105264,208656.68421052632,250619.84210526315,252841.1052631579,252879
abc,-583,1848.5789473684206,3679.9473684210525,3772.6315789473683,3565.7368421052633,3343.7368421052633,3764.6842105263163,4059.842105263158,4561.842105263158,72291.68421052632,88983.68421052632,131642.42105263157,135847.68421052632,147289.57894736843,165116.73684210528,194437.36842105264,228795.26315789475,252211.68421052632,252557.15789473685,252614
asahi,-583,2368,2396.1052631578946,2452.8947368421054,2274.842105263158,2149.3684210526317,2170.421052631579,5856.315789473685,13773.421052631578,21650.68421052629,50552.57894736841,67038.68421052632,79267.94736842102,123778.26315789473,143740.7894736842,189173.42105263154,241913.63157894736,284435.94736842107,285697.94736842107,285749
asahi,-583,2389.5263157894738,2393.157894736842,2435.1052631578946,2244.4736842105262,2171.6315789473683,2133.421052631579,2409.842105263158,5390.578947368422,26791.157894736883,62720.31578947369,67858.31578947368,114642.42105263162,128790.73684210527,157341.3684210526,233994.3157894737,259778.00000000003,283504.21052631584,285777.05263157893,285823
asahi,-583,2368.4736842105262,2397.1052631578946,2453.8947368421054,2275.842105263158,2136.3684210526317,2133.421052631579,5647.315789473685,13731.78947368421,45704.84210526312,67653.89474,115569.68421052632,127798.94736842102,179049.26315789475,212633.68421052632,281620.84210526315,283704.63157894736,285717.5263157895,285729.94736842107,285781
asahi,-583,2410.5789473684213,2405.4736842105262,2416.315789473684,2207.4210526315787,2206.8947368421054,2166.2631578947367,3070.0526315789443,13743.736842105263,26682.526315789488,50199.36842105264,67330.94736842105,72117.68421,108972.63157894739,127381.26315789472,154161.68421052632,193074.10526315792,277321.8947368421,285872.15789473685,285913
asahi,-583,2389,2392.157894736842,2434.1052631578946,2243.4736842105262,2170.6315789473683,2132.421052631579,2410.2105263157896,13479.578947368422,15014.894736842107,55768.473684210534,67859.31578947368,71365.52631578948,84875.31578947372,124209.94736842105,166169.6315789474,207987.42105263163,282795.7368421054,285800.05263157893,285846
asahi,-583,2453.3684210526317,2431.1052631578946,2379.5789473684213,2184.421052631579,2078.4210526315787,2249.0526315789475,2374.684210526316,16275.052631578947,34346.31578947366,43538.73684210526,67488.21052631579,92785.68421052629,115387.15789473684,166722.3157894736,195070.52631578947,251939.57894736834,281848.63157894736,285882.36842105264,285913
asahi,-583,2411.157894736842,2406.4736842105262,2417.315789473684,2208.4210526315787,2207.8947368421054,2167.2631578947367,2928.157895,14100.157894736843,20439.157894736854,45020.21053,62577.47368421053,68215.57894736841,107269.89473684214,134263.15789473683,181476.4210526316,218331.36842105264,281153.05263157893,285872.15789473685,285913
asahi,-583,2515,2466.0526315789475,2319.7894736842104,2104.6315789473683,2175.894736842105,2168.6315789473683,12139.894736842112,29847.84210526315,64378.89474,68686.36842105263,91865.84210526317,133349.73684210525,137160.57894736843,189783.21052631584,235736.7894736842,239334.7894736842,257831.73684210505,287442.6842105263,287458
asahi,-583,2347,2416.315789473684,2471.684210526316,2300.5263157894738,2104.1052631578946,2203.2631578947367,2416.421052631579,10893.105263157893,16536.42105263158,66907.68421052632,73173.89474,116758.42105263159,141116.21052631576,167957.15789473685,217146.52631578947,265839.2631578947,285656.5789473684,285656.84210526315,285713
asahi,-583,2368.4736842105262,2397.1052631578946,2453.8947368421054,2275.842105263158,2150.3684210526317,2171.421052631579,4581.263157894738,12482.73684210526,16118.789473684199,31114.999999999993,67040.68421052632,80192.26316,100580.47368421037,173611.63157894736,203435.84210526315,224249.73684210522,285716.5263157895,285728.94736842107,285780
baidu,-560,-1309.684211,1320.052631578947,6837.210526315789,6489.631578947368,7327.526315789473,11426.842105263158,11661.684210526317,11673.21052631579,44720.63157894737,63783.21052631577,79050.31578947368,79070.52631578947,78743.78947368421,82351.31578947368,82805.89474,82154.36842105263,83391.10526,85877.84210526316,86212
baidu,-571,3871.4210526315787,4657.631578947368,4670.894736842105,4598.421052631578,7528.947368421053,16043.473684210516,25273.789473684206,37725.15789473684,41660.89473684211,59280.052631578954,71803,72166.57894736843,72130.78947368421,72251.84210526316,72370.26315789473,72280.15789473684,72324.21052631579,72170.84210526316,72018
baidu,-571,694.1578947368423,3033.0000000000005,4418.894736842105,4703.894736842105,4691.736842105263,4785.684210526316,4809.631578947368,4890.2631578947385,7602.157894736833,35637.84210526317,37828.47368421053,38971.89473684211,59992.84210526316,72120.63157894737,72790.36842105263,73582.15789473684,73541.89474,73617.94736842105,73694
baidu,-89,4553.157894736842,4234,7402.684210526316,7208.421052631579,6678.368421052631,9035.315789473685,38499,41709.47368421053,47909.473684210534,51251.73684210527,52777.57894736842,80802.84210526317,85090.05263157895,85359.05263157895,84694.15789473684,88571.10526,87064.68421052632,86535.94736842107,89813
baidu,-121,-631.8947368,2571.6842105263167,4243.894736842105,4528.894736842105,4516.736842105263,4512.684210526316,4379.157894736842,4489.2631578947385,7201.157894736833,35236.84210526317,37457.78947368421,38606.89473684211,39872.05263157895,56884.57894736844,71790.57894736843,71851.15789473684,72090.68421052632,73215.94736842105,73292
baidu,-571,2910.2631578947367,4364.894736842105,4657.631578947368,4626.684210526316,4659.105263157895,4598.421052631578,5661.157894736842,13850.631578947365,23845.578947368405,33053.15789473684,38809.15789473684,39396.63157894737,39321.68421052631,56538.578947368405,67177.73684210527,71344.47368421052,72028.15789473684,71983.42105263157,72055
baidu,-571,768.5789473684208,3324.999999999999,4603.9473684210525,4672.9473684210525,4719.368421052632,4818.8421052631575,4750.315789473684,5421.6315789473665,18865.631578947345,33733.63157894737,37611.73684210526,40509.15789473684,53444.52631578948,72114.36842105263,72474.68421052632,73577.57894736843,73514.94736842105,73595.47368421052,73676
baidu,-89,9.789473684210748,3381.9999999999995,4638.105263157895,4646.9473684210525,4703.684210526316,4146.421052631579,6347.210526,8330.157894736842,9502.421052631582,9027.894736842105,16368.526315789459,36490.210526315765,41668.26315789473,42950.57894736842,46590.473684210505,75892.21052631579,75878.63157894737,76472.63157894737,76515
baidu,-89,-178,-267,-838,3296,4468,4321,4426,4265,5527,30061,36915,37558,43052,71666,71751,73165,73080,72991,73076
baidu,-571,4696.315789473684,4222.526315789473,7005.684210526313,7428,7968.1578947368425,10009.842105263157,10806.42105263158,10771.15789473684,14414.105263157895,15465.21052631579,17230.36842105263,50068.52631578947,66449.26315789466,84616.84210526316,84144.47368421053,83946.68421052632,88027.26315789473,88012.52631578948,88409
bbc,-583,3302.2631578947357,4544.368421052632,4245.1578947368425,4268.842105263158,7611.473684210525,17615.473684210527,54916.947368421024,71856.52631578944,102559.89473684208,139719.4736842105,194615.89473684205,266397.7894736842,297101.15789473685,379383.2631578946,485645.57894736825,542741.3684210526,589266,599339.5263157894,599349
bbc,-583,4560.473684210527,4238.8421052631575,4213.0526315789475,17607.78947368421,21757.526315789477,63191.315789473694,71918.36842105263,112075.1052631579,127045.52631578948,149607.3157894737,207004.26315789472,240988.57894736843,307963.4210526316,332582.6842105263,400479.8421052632,498742.47368421056,572244.4736842104,599556.3684210526,599779
bbc,-583,3302.2631578947357,4544.368421052632,4286.894736842105,4203.8421052631575,11217.052631578936,27469.421052631573,72433.21052631577,106612.99999999997,120147.10526315782,187955.9474,255481,286681,354560.7894736842,423008.1578947367,477762.6842105262,531382.0526315789,591741.4210526316,599338.5263157894,599348
bbc,-583,3648.4736842105267,4500.0526315789475,4214.684210526316,4809.4736842105285,9706.315789473687,33963.894736842165,69360.21053,88793.36842105263,103827.78947368421,163842.84210526317,206404.84210526326,237899.05263157896,280673.8947368422,383754.0000000001,483854.31578947377,564373.1579,589340.2105263158,599491.1578947369,599515
bbc,-583,3302.2631578947357,4544.368421052632,4245.1578947368425,4268.842105263158,8956.157894736842,27115.421052631573,47744.26315789472,68160.26315789473,90633.73684210522,118853.94736842104,148776.89473684208,243687.63157894736,312560.6842105263,395268.47368421033,440587,514142.5789473684,553075.8421052631,599332.5263157894,599342
bbc,-583,4248.157894736842,4391.684210526316,4134.894736842105,4187.526315789473,39161.89474,66516.84210526316,77412,97388.42105263156,153477.0526315789,175156.2105263158,218261.47368421056,266687.78947368416,322705.4736842105,367655.3684210526,423460.2105263158,496789.0526315789,586293.8947,599209.5789473684,599238
bbc,-583,4525.526315789474,4306.9473684210525,4238.315789473684,6342.526315789477,16223.73684210526,44731.21052631579,66853.42105263157,81171.42105,133588.15789473685,175433.73684210525,242962.2631578948,320778.15789473685,375536.1578947369,401063.84210526315,437020.7894736844,499583.0000000002,557888.3684210528,599403.2631578947,599408
bbc,-583,3302.2631578947357,4544.368421052632,4326.315789473684,4203.8421052631575,8662.947368421046,19285.21052631579,31567.52631578946,70004.15789473681,88220.78947368417,130488.57894736838,172330.68421052632,194662.26315789472,254170.26315789475,304526.05263157876,414761.42105263146,518611.52631578944,581099.3157894737,599338.5263157894,599348
bbc,-583,4525.526315789474,4350.789473684211,4087.5789473684213,4116.421052631579,20883.263157894733,36336.42105263158,62857.36842105263,90442.52631578952,111642.42105263159,167535.5789473684,201151.26315789478,275277.8947368421,319180.9473684212,371030.1052631579,427561.7894736844,496934.94736842107,568720.3157894738,599382.2631578947,599387
bbc,-583,4359.105263157895,4357.789473684211,4176.263157894737,4598.105263157897,8134.736842105263,29671.789473684206,45256.42105263159,72121.68421052632,105656,174522.10526315792,221039.78947368427,297781.05263157893,361538.94736842107,417776.42105263163,479051.15789473685,533373.0526,591668,599164.0526,599183
cnbc,-583,2814.4210526315787,3426.9473684210525,14971.315789473685,124657.42105263159,286197.21052631584,469234.05263157905,641274.0526,803239.5263157897,1024375.105263158,1210533.6315789477,1442595.1052631582,1608249.8421052634,1865568.5789473692,2018807.5263157897,2234551.1052631577,2466967.315789474,2723789.4210526315,2948827.105263158,3040361
cnbc,-583,2681.3684210526317,3817.421052631579,21964.78947368425,113611.00000000009,295573.2105263158,422835.0000000001,666024.7894736842,904106.3684210527,1085430.0526315793,1250506.7894736843,1487240.3684210528,1643377.7368421056,1805545.631578948,2041215,2284546.6842105263,2542209.7368421056,2783129.2105263164,2958493.315789474,3040217
cnbc,-583,3051.894736842105,3848.684210526316,69711.31579,224113.21052631576,390930.8947,590739.1053,742586.8947368421,870099.7368421053,1094526.6842105263,1266239.7368421052,1503011.5263157894,1693029,1903550.2631578946,2126842.052631579,2325727.9473684207,2556398.263157895,2774581.8421052634,3005465,3041253
cnbc,-583,2816.105263157895,3859.2631578947367,69039.57894736841,158145.57894736843,308124.42105263163,500884.52631578944,728337.8947,894067.0526,1113929.052631579,1302361.3684210528,1600194.5263157894,1879794.2105263155,2027289.8947368423,2234381.3684210526,2430546.947368421,2631395.052631579,2762785.6842105263,2964910.8421052634,3038338
cnbc,-583,2684.6315789473683,3335.421052631579,53507.57894736834,138825.5789473684,274658.10526315786,412619.05263157876,651680,895849.1578947369,1106389.2631578946,1294013.3684210526,1556203.1578947366,1709133.9999999998,1940248.8421052627,2159515.473684211,2320179.578947368,2539162.4210526315,2787091.789473684,3026081.789473684,3039758
cnbc,-583,2564.9473684210525,3664.8947368421054,73703.73684210525,147239.52631578944,303925.63157894736,443584.3684210524,680370.0526,858624.1578947366,1101653.2105263157,1352841.2105263157,1531095.3157894735,1754826.6842105258,2002396.368421052,2232654.8947368423,2457592.3684210526,2645353.4210526315,2803245.631578947,2979655.1052631577,3038833
cnbc,-583,2615.7894736842104,3746.315789473684,59877.42105263157,143963.52631578947,313186.47368421033,465027.3157894737,705481.4210526313,905495.5263157894,1081600.3684210526,1290979.5263157894,1484537.4210526315,1624742.894736842,1834334.8947368423,2053291.9473684204,2288850.684210526,2519443.1052631577,2712788.1578947366,2970482.4736842103,3038504
cnbc,-583,2622.4736842105262,3754.105263157895,12369.263157894737,112579.05263157896,239404.73684210522,441860.3157894738,658505.3684210528,887282.4210526317,1068737.5789473685,1261473.3684210526,1501318.210526316,1725554.6315789477,1939290.8421052636,2158844.7368421056,2318873.7894736845,2512035.263157895,2736981.157894737,2945467.263157895,3040000
cnbc,-583,2688.315789473684,4234.368421052631,68600.05263157895,142019.73684210525,349529.9473684209,529299.7368421053,692893.5263157894,900971.3157894736,1117988.4736842106,1287470.8947368418,1454257.3157894735,1610969.2105263157,1851186.1578947364,2122265.2105263155,2282027.8421052624,2511673.6315789474,2728903.6315789474,2950390.4736842103,3040351
cnbc,-583,3085.578947368421,3836.7368421052633,71218.63157894736,223637.47368421045,369316.31578947365,489737.8947,674792.5263157893,897165.4736842106,1169414.4210526315,1360712.4210526315,1564710,1754447.1578947366,1944397.1578947364,2144492.6315789474,2339976.5263157897,2566393.4736842103,2815939.2631578944,2944803.578947368,3041620
cnn,-583,2661.0526315789475,6184.105263157895,6480.315789473686,74557.47368421053,190988.63157894736,416040.21052631584,661666.5263157894,893316.2105263158,1061822.7368421052,1288718.9473684211,1521716.6315789474,1815374.315789474,2033614.9473684211,2274204.0000000005,2516070.1052631577,2684292.8421052634,2881674.947368421,3064867.5789473685,3068985
cnn,-583,2661.0526315789475,6113.1578947368425,6480.736842105265,83639.73684210528,185455.73684210525,292734.68421052635,499694.6842105264,766818.0526,977751.1052631579,1107023.7368421052,1334487.5263157894,1577205.0000000002,1792394.8947368423,2025321.6315789477,2327634.8947368423,2531189.4210526315,2777879.947368421,3059121.8421052634,3068964
cnn,-583,2716.2105263157896,6127.368421052632,14826.684210526295,82119.10526315786,244551.94736842104,454874.2631578946,631780.3684210527,834724.1578947366,1046181.6315789471,1210955.7368421052,1455616.578947368,1712125.6315789472,1907336.1578947369,2162071.5263157897,2361538.894736842,2575550.4736842103,2827660.789473684,3053520.578947368,3069492
cnn,-583,2787.4736842105267,6066.105263157895,51794.842105263204,175291.47368421056,356823.05263157893,567230.2105,762525.5789473684,982084.9473684211,1245135.052631579,1408858.8421052631,1625580.315789474,1898563.052631579,2062783.4736842108,2254673.3684210526,2440958.421052632,2640297.7894736845,2815586,3044581.368421053,3069954
cnn,-583,2661.0526315789475,6184.105263157895,6480.736842105265,127414.26315789478,262078.8947368421,451727.7368421053,665711.5263157896,822015.1053,1039688.1578947369,1295034.2631578946,1515616.1578947369,1725981.6315789474,1955644.7894736845,2198007.5263157897,2447039.3157894737,2692807.5263157897,2899980.3684210526,3066784.1578947366,3068964
cnn,-583,2626.2105263157896,4855.894736842108,5815.473684210527,51566.52631578951,174876.10526315807,383251.5789473685,603900.9473684211,777086.5263157897,921609.3684210526,1128991.5789473688,1419169.3684210528,1674866.7368421054,1943476.5263157894,2124466.3157894737,2352068.526,2646716.0000000005,2874389.157894737,3059990.5263157897,3068796
cnn,-583,2674.842105263158,6209.473684210527,13804.73684210526,69865.52631578947,193824.0526315788,336512.6842105263,486721.7368,665380.6842105262,851843.8421052631,1099889.3157894735,1337221.7368421052,1579307.6315789472,1883472.4736842106,2209914.789473684,2362819.842105263,2582202.578947368,2866644.052631579,3048211.842105263,3069293
cnn,-583,2566.8947368421054,5229.263157894738,12721.15789473684,73408.52632,214408.31578947377,391307.4736842105,572818.2105263158,755606.0000000001,935272.1053,1078967.8947368423,1289212.315789474,1466040.5263157894,1746664.7368421056,1977129.1578947369,2235546.8421052634,2543131.052631579,2817795.6842105263,3050672.3157894737,3069425
cnn,-583,2689.157894736842,5964.421052631579,19469.526315789477,80482.36842105264,183425.10526315792,323047.6315789474,557313.9473684211,841669.1053,1079979.4210526317,1315168.052631579,1518856.052631579,1745601.9473684211,1951276.4736842106,2221442.157894737,2392210.5789473685,2593344.473684211,2840168.473684211,3052512.052631579,3070150
cnn,-583,2724.8947368421054,6083.0526315789475,20974.473684210523,87467.63158,276587.1052631579,426614.57894736814,626305.2105263157,846215.8421,1052575.5263157894,1276530.1578947369,1442875.5263157894,1650866.9999999998,1896531.5263157892,2134746.578947368,2310244.1578947366,2593368.894736842,2812215.3157894737,3049011.4210526315,3069887
dailymail,-583,2541.5263157894738,2878.6315789473683,3362.315789473684,6766.789473684219,47621.10526315791,90887.63157894739,131741.94736842104,232901.52631578952,298445.52631578967,415639.2105263158,436486.3684210527,586032.0526315791,659309.3158,810203,907886.1578947369,1017417.5263157896,1150432.4736842106,1230520.6842105263,1231927
dailymail,-583,2557.684210526316,2173.5789473684213,2872.315789473684,3284.0526315789475,58805.94736842104,127464.68421052629,237485.73684210525,256055.63157894736,317832.47368421033,452968.8947368421,528438.5789473683,628385.1052631577,764798.5789473681,839133.1052631579,913396.6842105263,1033917.947368421,1135141.5263157894,1230533.7368421052,1231627
dailymail,-583,2542.5263157894738,2879.6315789473683,3363.315789473684,6201.210526315796,68197.84210526316,93940.36842105266,155582.26315789472,215663.31578947374,313843.1052631579,377684.36842105264,492465.8421052632,563685.6315789477,683220.5789473687,784025.4210526316,895685.2105263158,1029409.6315789474,1126596.1578947369,1229032.7894736845,1231911
dailymail,-583,2570.8947368421054,2410.0526315789475,3068.3684210526317,3555.9473684210525,10801.368421052672,68584.31578947368,119059.68421052632,214870.42105263166,315647.47368421056,451898.2105263159,516208.3157894737,640114.2105263158,725282.8421052631,819319.8947368421,935705.3684210526,1022718.6315789474,1118387.4736842108,1230647.894736842,1231402
dailymail,-583,2588.4210526315787,2525.157894736842,3175.4736842105267,3505.8947368421054,28032.36842105263,68156.36842105263,131338.26315789475,233966.89473684214,276219.3157894737,386226.4736842105,495949.84210526315,562111.5263157896,644591.1053,763466.6842105264,932643.9473684211,1061381.210526316,1151026.4736842106,1230461.7368421052,1230727
dailymail,-583,2573.0526315789475,2463.5263157894738,3034.9473684210525,3467.157894736842,47055.999999999985,71294.73684210533,125615.15789473684,253224.21052631576,314639.3684210526,397551.57894736825,538144,670222.7368421053,719647.7894736842,817104.2105263158,875042.9474,978033.2631578947,1109118.7368421054,1229394.2631578948,1230825
dailymail,-583,2549,2155,2856,3259,68686,130892,152658,214864,287854,433636,506626,603880,691698,778168,949562,1083212,1130590,1230540,1230981
dailymail,-583,2527.4210526315787,2426.4736842105267,3318.7368421052633,3757.8421052631584,68047.00000000001,96283.10526,131826.7894736842,205256.3684210527,252790.15789473685,402204.3684210527,453640.2631578948,533171.3157894737,686771.4210526316,777086.4736842107,830012.2631578948,988294.8947368423,1104505.7368421054,1227101.8421052631,1231156
dailymail,-583,2473.7368421052633,3011.684210526316,3394.894736842105,26149.26315789474,45987.368421052626,77504.42105263165,101075.36842105266,118411.94736842105,213568.7894736842,279708.15789473685,421193.63157894736,542175.3158,653933.8421052634,775908.7894736843,825943.1053,963810.2631578947,1121117,1228051.105263158,1232420
dailymail,-583,2490.0526315789475,2803.315789473684,3336.157894736842,22367.263157894726,63536.631578947374,131311.26315789475,167514.31578947362,277857.3684210526,397849.2631578947,456400.7368421053,543118.3157894737,653603.2631578946,746493.2631578945,812068.5263157894,881049.2631578947,967057.3684210526,1088893.894736842,1229744.3157894737,1232352
google,-583,3288.1578947368425,4096.684210526317,7776.526315789473,9870.052631578948,15494.105263157895,16264.736842105263,17279.631578947367,23886.368421052648,59218.73684210527,130412.94736842107,303152.0000000003,482205.3684,661329.6842105269,899269.3684210526,1149908.6315789474,1381108.315789474,1591307.5789473688,1781925.368421053,1785380
google,-583,3367.3684210526317,4844.473684210527,8307.947368421053,8557.210526,12414.210526315788,15848.947368421052,17670.157894736843,18183.105263157893,59058.31578947369,125203.36842105261,303145.8947,509680.2105,695001.2631578947,834419.3684210527,1043507.7894736844,1288282.7368421054,1493752.8421052631,1721855.1578947369,1786450
google,-583,3317.578947368421,4520.631578947368,7910.7368421052615,10157.105263157895,16334.578947368422,16397.368421052633,17175.105263157897,21289.68421,47150.47368421052,150130.57894736843,269154.05263157893,410171.21052631555,631855.5263157893,879080.8947368421,1098423.9473684207,1326848.2631578946,1483331.947368421,1750848.2631578946,1786375
google,-583,3313.9473684210525,4792.8421052631575,8347.210526,8868.263157894738,14862.684210526324,15764.684210526317,17200.736842105263,17800.578947368424,59990.52631578949,115002.10526315795,354193.0526315793,548261.4736842106,675994.1052631581,885741.8947368421,1119824.6315789477,1291615.5789473685,1498383.5789473683,1770706.9473684211,1786004
google,-583,3349.8947368421054,4664.578947368421,8358.894736842105,8578.631578947368,9682.368421052633,16028.78947368421,17421.526315789473,17974.684210526317,42606.73684210524,104760.84210526306,250287.36842105258,434905.8947368421,638538.3157894737,823156.8421052631,1044242.3157894731,1262702.736842105,1500886.5263157892,1757516.6315789472,1786056
google,-583,3215.9473684210525,4559.105263157895,8140.526315789473,8435.789474,9854.210526,15748.736842105263,17223.842105263157,17567.42105263158,58636.31578947369,90584.73684210525,187576.31578947365,442212.94736842124,611641.7894736845,904590,1074728.3157894737,1317942.4210526317,1525399.0526315789,1758325.7894736843,1785874
google,-583,3409.2631578947367,4671.0526315789475,8237.263157894737,9785.578947,15766.421052631576,16306.842105263158,17138.57894736842,24452.57895,74967.15789473684,154388.94736842104,353916.84210526315,509031.68421052606,710049.4736842104,862681.1578947367,1151460.8421052631,1330484.947368421,1501846.7368421045,1754656.105263158,1786137
google,-583,3422.3684210526317,4347.684210526316,8252.157894736842,8467.052631578947,9711.263157894738,15828.315789473683,17879.21052631579,18350.894736842107,61651.21053,98764.36842105266,239328.05263157893,509086.8947368422,737483.4210526317,915862.0526315789,1135744.894736842,1347894.4736842106,1533935.4210526317,1705851.7894736847,1786959
msn,-571,-434.1052632,-873.5263158,1833.5263157894733,3255.3684210526317,3279.3684210526317,3157.1052631578946,3023.7894736842104,2995.0000000000005,3433.1052631578946,3536.8947368421054,3471.4210526315787,3520.6315789473683,4347,4765.473684210527,16195.368421052619,37144.73684210527,48638.94736842105,49721.78947368421,49652
msn,-571,-426.0526316,-934.2631579,195.73684210526312,2608.999999999998,3341.1052631578946,3306.421052631579,3171.8947368421054,3030.7368421052633,3237.9999999999995,3535.9473684210525,3632.7894736842104,3650.684210526316,4000.263157894737,4848.736842105263,11947.263157894698,40343.68421052629,48543.789473684206,49710.89473684211,49637
msn,-571,-418,-995,3139,3340,3212,3063,2974,2860,3435,3350,3435,4710,4614,6028,31922,32365,48739,49510,49432
msn,-571,-448.3684211,-846.1578947,857.0000000000001,3235.315789473684,3360.315789473684,3218.9473684210525,3084.2105263157896,2980,3156.9999999999995,3488.052631578947,3493.789473684211,3511.684210526316,4414.684210526316,4746.263157894737,5837.315789473686,37102.57894736838,47824.68421052632,49581.52631578947,49569
msn,-571,-434.1052632,-873.5263158,1833.5263157894733,3255.3684210526317,3279.3684210526317,3157.1052631578946,3039.578947368421,2956,2887,3346,3470.684210526316,3551.6315789473683,3520.315789473684,4161.631578947369,4726.578947368421,18431.210526315794,48529,49585.78947368421,49516
google,-583,3376.8947368421054,4516.315789473684,8047.526315789473,9487.894736842105,15424.684210526313,16275.21052631579,17060.36842105263,21579.89474,70426.78947368421,139172.47368421033,298044.05263157893,523322.36842105276,673822.1578947367,887323.2105263158,1143534.5789473683,1301483.8421052631,1488166.7894736843,1725860.894736842,1785710
google,-583,3431.315789473684,4709.789473684211,7965.210526315789,10082.105263157895,15859.421052631578,17177.63157894737,17609.052631578947,59082.42105263158,162109.15789473683,294835.89473684196,453245.57894736837,571144.3157894737,753463.2631578943,940039.0526315789,1130162.2105263155,1356894.2105263155,1567237.3684210528,1769776.3157894735,1786625
msn,-571,-434.1052632,-873.5263158,1833.5263157894733,3255.3684210526317,3279.3684210526317,3157.1052631578946,3023.7894736842104,2995.0000000000005,3433.1052631578946,3536.8947368421054,3614.5789473684213,3565.3684210526317,4347.631578947368,4766.473684210527,16196.368421052619,37145.73684210527,48607.31578947368,49567.78947368421,49498
msn,-571,-418,-995,419,3193,3394,3266,3117,3028,2914,3427,3543,3458,3543,4820,4724,44218,49712,50021,49943
nbcnews,-583,2898.157894736842,2803.7894736842104,2520.263157894737,2586.157894736842,42720.94736842104,87010.00000000003,115761.57894736841,222697.15789473683,245276.31578947368,295737.78947368416,410761.36842105264,468104.7368421053,522326.4210526316,599464.1052631577,682916.1053,772753.3684210526,855353.9999999999,887405.8421052631,887341
nbcnews,-583,2867.842105263158,2765.7368421052633,2583.736842105263,2915.2105263157896,28300.789473684214,98850.78947368421,131018.26315789475,200858.7894736842,238134.47368421053,244973.73684210528,300766.6842105263,403597.7368421052,445910.68421052635,505605.7368421054,633481.2105263157,712757.7368421053,861633.6315789475,888237.3684210526,889056
msn,-571,-434.1052632,-873.5263158,1833.5263157894733,3255.3684210526317,3279.3684210526317,3157.1052631578946,3023.7894736842104,2995.0000000000005,3433.1052631578946,3536.8947368421054,3614.5789473684213,3565.3684210526317,4348.263157894737,4767.473684210527,5317.368421052631,19466.736842105267,48617.789473684206,49613.78947368421,49544
nbcnews,-583,2888.0526315789475,2791.2631578947367,2541.421052631579,3562.2631578947376,40965.63157894736,72842.36842105264,106492.78947368426,172353.3157894737,235305,332949.94736842107,419881.84210526326,504685.31578947377,560542.2631578947,651234.3684210528,699429.0000000002,798705.7368421054,831930.4736842106,887478.0526,887614
nbcnews,-583,2918.3684210526317,2828.842105263158,2560.684210526316,2563.6315789473683,16730.36842105264,66830.15789473684,99264.05263157895,120417.3157894737,145685.5263157895,222532.4736842106,295406.36842105264,324221.94736842107,433704.68421052635,526656.6842105263,636848.8947368421,742145.7368421053,851628.4736842106,887167.3684210526,887246
nbcnews,-583,2811.6315789473683,2617.5263157894738,2487.315789473684,11491.684210526324,65836.42105263159,101309.15789473685,136001.47368421056,196163.89473684214,251643.7894736842,332239.05263157905,394388,460084.3157894737,513364.84210526315,614605.7894736844,684984.6315789474,745005.1579,829786.3157894737,887252.7368421053,888386
msn,-571,-426.0526316,-934.2631579,2486.2631578947367,3297.684210526316,3245.684210526316,3110.0526315789475,2968.8947368421054,3210.999999999999,3488.052631578947,3502.7368421052633,3493.7894736842104,4012.368421052631,4786.684210526316,5093.105263157893,13304.263157894698,41485.94736842103,48530.57894736842,49610.89473684211,49537
nbcnews,-583,2898.157894736842,2803.7894736842104,2520.263157894737,2586.157894736842,27042.578947368398,68564.68421052632,96890.57894736838,124436.05263157895,158508.68421052635,236781.52631578944,322929.5263157895,378073.52631578955,488059.84210526315,566190.7895,675325.7368421054,768852.2631578947,847408.8947,887443.8421052631,887379
msn,-571,-426.0526316,-934.2631579,2486.2631578947367,3297.684210526316,3245.684210526316,3110.0526315789475,2968.8947368421054,3210.999999999999,3488.052631578947,3502.7368421052633,3493.7894736842104,4014.210526315789,4791.684210526316,5098.105263157893,13595.578947368382,42636.21052631577,48556.63157894737,49815.89473684211,49742
nbcnews,-583,2918.3684210526317,2828.842105263158,2494.3684210526317,3324.315789473685,26581.78947368421,62065.78947368421,77756.10526315783,130126.21052631579,226483.68421052647,317307.2631578947,384576.3157894737,427013.7894736843,515779.8947368423,588228.1052631579,652872.1052631579,780659.2631578948,866587.4736842107,887244.6315789474,887222
nbcnews,-583,2958.7894736842104,2878.9473684210525,2606.7894736842104,3028.6842105263154,26519.263157894737,66521.05263157895,91775.36842105263,135972.63157894733,175274.52631578944,237918.10526315778,311416.63157894724,429966.7368421053,511837.05263157893,607967.7894736842,694449.6842105264,760995.3684210525,827966.7368421053,887016.7894736842,887035
nbcnews,-583,2938.578947368421,2853.8947368421054,2550.578947368421,2569.4210526315787,19664.52631578951,66068.10526,90761.78947368418,115455.47368421053,199319.26315789478,247993.1578947369,313765.36842105264,409193.5789473685,473546.8421052632,550457.7894736843,661423.4736842107,750466.4210526317,823971.8947368423,887132.5789473684,887169
nbcnews,-583,2847.6315789473683,2740.0526315789475,2613.5263157894738,3309.4210526315787,52456.63157894736,106482.84210526316,115670.31578947368,149263.6842105263,240324.42105263151,290661.3684210526,337450.94736842107,413399.8947368421,514606.1052631577,537273.5789473684,649618.5263157896,763879.0526315789,858983.7894736842,887644.6315789474,887763
ndtv,-89,218.63157894736776,2078.368421052631,2804.052631578947,23211.789473684195,75625.57894736843,178766.7368421052,344270.6315789471,480047.57894736825,616817.7894736842,759831.3684210527,853820.3157894734,1019475.3684210525,1066262.4210526317,1066729.6842105263,1069876.5263157894,1071476.6315789474,1071692.2105263157,1083771.894736842,1082662
ndtv,-89,2911.052631578947,2729.2105263157896,3423.2631578947367,10133.789473684206,25358.736842105256,77902,131864.2105263158,202144.31578947368,307614.3157894737,417766.84210526303,456333.4736842105,604868.5263157894,754396.8421052631,849721.3684210525,887152.8421052631,980916.5263157894,1063248.4210526317,1063450.2631578948,1063202
ndtv,-583,3179.5789473684213,2825.7368421052633,3513.736842105263,5110.578947368414,42081.631578947374,73022.15789473683,140145.84210526315,167680.89473684208,304333,353507,480510.2631578948,557211.8421,688471.9474,734949.9474,874298.0526315789,946742.7894736842,1057853.8421052631,1063043.5263157894,1063138
ndtv,-583,3110.4210526315787,2768.2631578947367,3429.578947368421,3879.157894736842,68358.47368421052,125509.84210526317,197418.26315789475,260032.57894736843,329528.7894736842,435066.2631578947,507329.4210526316,569376.1579,643810.4210526317,699259.0526,810685.1578947369,925800.5263157896,970394.2105263158,1063058.6842105263,1063615
ndtv,-89,1343.5263157894738,3023.5789473684213,3197.578947368421,3559.3684210526317,38977.105263157915,68164.78947368421,127008.47368421056,216998.05263157896,296984.05263157893,320850.68421052635,438013.10526315786,524029.6315789473,600539.2105263158,656403.1052631581,773778.3684210526,889379.9473684211,994836.0526315791,1063168.1578947369,1063376
ndtv,-583,3095.0526315789475,3186.894736842105,3561.9473684210525,17293.052631578947,46313.684210526284,109431.57894736846,138707.57894736843,233680.84210526315,263098.7368421053,349061.68421052623,468866.5263157895,542200.8421052631,577933.0526315789,706606.3157894737,794201.0526,877609.8947368421,969035.7894736843,1063562.1578947369,1063883
ndtv,-583,3110.4210526315787,3052.157894736842,3544.7368421052633,35671.052631578954,70757.78947368421,110030.42105263163,150438.21052631584,274492.94736842107,296809.15789473685,340409.5789473684,440058.4210526316,518919.68421052635,622044.9473684211,697855.4736842106,824322.4210526316,909639.8947368421,1018086.2105263158,1063663.3157894737,1063598
newscn,-141,14083.210526315786,28804.052631578936,47994.57894736843,63495.84210526316,64240.05263157895,66474.15789473684,72184.68421052632,78179,84599,99177.94736842102,121915.84210526313,131457.52631578947,132201.73684210525,132945.94736842104,133690.15789473685,149191.42105263157,168381.94736842107,170377.73684210525,170463
newscn,-141,23225.000000000004,46591.00000000001,63429.84210526316,63950.78947368421,64471.73684210526,66979.21052631579,70976.57894736843,74973.94736842105,91741.84210526316,110638.15789473684,126909.42105263157,127430.36842105263,127951.31578947368,134857.52631578947,150277.42105263157,165697.31578947368,170145.63157894736,170205.31578947368,170265
ndtv,-583,3195.9473684210525,2860.842105263158,3450.157894736842,3552.7368421052633,54036.00000000007,132149.57894736843,194512.84210526315,269788.5263157895,382737.26315789483,474614.63157894736,531798.7368421053,583378,670218.1053,763159.6842105263,846168.6315789475,966283.0526,1042481.0526315789,1062948.3157894737,1063005
ndtv,-583,3172.8947368421054,2809.684210526316,3539.684210526316,11365.842105263167,74449,94325.21053,167766.68421052632,244471.7368421053,307767.7368421053,394618.2631578948,470684.78947368416,549518.2631578947,642541.2105263158,720736.1578947367,803542.6842105263,898977.8421052631,987602.0526315791,1063124.894736842,1063255
ndtv,-583,2687.6315789473683,2950.4210526315787,3547.578947368421,4027.5263157894738,20292.526315789473,62007.47368421052,100205.47368421056,142234.63157894736,215835.36842105258,298375.47368421056,412770.94736842107,457070.4210526316,574516.6315789474,683236.3157894738,813098.3157894736,897979.6842105263,972360.8421052631,1063338.2105263157,1063564
newscn,-141,3018.8947368421054,14479.631578947372,48075.94736842105,63793.52631578947,64612.15789473684,65430.78947368421,66249.42105263157,67068.05263157895,73846.26315789476,91053.73684210527,109254.47368421052,128022.78947368421,130473.21052631579,133420.26315789472,145945.2105263158,157405.94736842107,167589.6315789474,170435.2105263158,170529
newscn,-141,9840.263157894738,25568.26315789474,44205.105263157886,62132.47368421052,64380.47368421053,67125.10526,72423.84210526316,82405.10526,101751.42105263156,112725.94736842105,115470.57894736841,128431.63157894736,132027.63157894736,139029.1052631579,153551,162539,167979.63157894736,170607.63157894736,170727
newscn,-141,603.2105263157893,3972.473684210512,30967.21052631579,53705.10526315789,59415.63157894737,63849.10526315789,65302.78947368421,69878.15789473684,79136.05263157895,93360.26315789472,112550.78947368418,123227.63157894737,128228.68421052632,130249.94736842105,130994.15789473684,147630.5789473684,168240.05263157896,170377.73684210525,170463
newscn,-141,603.2105263157893,1844.0526315789443,7554.578947368422,17663.842105263153,45368.05263157893,64984.26315789474,65728.47368421052,72716.05263157895,89068.68421,97617.10526,98361.31578947368,102085.31578947368,107795.84210526316,115492.8947368421,124041.3157894737,144508.89473684208,167956.26315789475,170377.73684210525,170463
newscn,-141,8414.368421052632,18388.684210526313,30349.526315789466,43019.84210526315,54342.15789473684,61194.78947,64074.36842105263,66599.21052631579,87073.73684210525,104568.47368421053,119083.42105263157,121111.63157894737,123139.84210526315,127438.36842105263,147061.52631578944,167961.73684210525,169706.15789473685,170492.68421052632,170595
newscn,-141,6275.526315789472,12692.052631578945,29892.57894736842,48441.10526315788,56560.368421052626,61699.84210526316,65987.94736842105,69850.36842105263,80452.78947,96447.21052631577,108468.57894736841,115523.63157894736,123430.05263157895,133039.2105263158,143641.63157894736,157720.47368421048,170243.52631578947,170320.26315789475,170397
newscn,-141,19772.894736842107,44156.473684210534,63644.68421052631,64686.57894736842,72184.68421052632,76206.36842105263,80228.05263157895,95175.63157894736,105014.99999999999,114003,122423.42105263157,127438.36842105263,135574.99999999997,142434.57894736843,146881.94736842104,156863.2105263158,165425.52631578947,170607.63157894736,170727
newscn,-141,23225.000000000004,46591.00000000001,63429.84210526316,63950.78947368421,64471.73684210526,70100.89474,79561.21052631579,89021.52631578947,101887.31578947368,115320.68421052632,126909.42105263157,127430.36842105263,127951.31578947368,134644.68421052632,149567.94736842104,164491.2105263158,169152.36842105264,169708.68421052632,170265
nhk,-583,1888.263157894737,2937.684210526316,3040.1052631578946,2929.157894736842,2827.5263157894738,2706.9473684210525,2772.421052631579,3268.947368421053,3428.842105263158,3885.157894736842,3830.315789473684,3732.4736842105262,3927.2105263157896,6930.631578947372,15787.157894736836,24628.842105263157,25084.052631578947,25022.473684210527,25103
nhk,-583,1742.894736842105,2836.5263157894738,3063.157894736842,2934.684210526316,2798.684210526316,2703.684210526316,3242.6315789473683,3403.578947368421,3493.157894736842,3493.157894736842,3571.2105263157896,3935.2105263157896,3840.8947368421054,4115.263157894737,16150.842105263162,24094.78947368421,25140.57894736842,25093.21052631579,25169
nhk,-583,1888.263157894737,2937.684210526316,3040.1052631578946,2900.7894736842104,2755.7894736842104,2905.7894736842104,3351.5789473684213,3452.684210526316,3387.4736842105262,3667.5263157894738,3905.4736842105267,3864.4736842105262,4059.2105263157896,9900.526316,18473.263157894733,23838.526315789473,25216.052631578947,25154.473684210527,25235
nhk,-583,2033.6315789473679,3038.8421052631575,3017.0526315789475,2866.8947368421054,2712.8947368421054,3107.894736842105,3390.2105263157896,3493.157894736842,3482.947368421053,3585.2631578947367,3860.736842105263,3971.7368421052633,7327.315789473685,14844.421052631578,17106.42105263157,24717.421052631576,25291.526315789473,25215.736842105263,25301
nhk,-583,1888.263157894737,2937.684210526316,3040.1052631578946,2900.7894736842104,2755.7894736842104,2905.7894736842104,3343.421052631579,3522.4210526315796,3972.8947368421054,3886.1052631578946,3786.684210526316,12756.999999999995,16191.21052631579,17775.684210526317,21382.105263157893,24760.842105263157,25216.052631578947,25154.473684210527,25235
nhk,-583,1742.894736842105,2836.5263157894738,3063.157894736842,2934.684210526316,2798.684210526316,2703.684210526316,3242.6315789473683,3426.4210526315787,3649.210526315789,3891.736842105263,4018.4736842105262,3935.2105263157896,3840.8947368421054,4115.263157894737,17002.210526315794,24804.263157894737,25140.57894736842,25093.21052631579,25169
nhk,-583,2179,3140,2994,2882,2767,2604,3244,3371,3274,3371,3684,3947,3835,4190,10996,24542,25235,25145,25235
nhk,-583,1604.4736842105258,2991.1578947368416,3017.0526315789475,2866.8947368421054,2712.8947368421054,3107.894736842105,3390.2105263157896,3493.157894736842,3698.736842105263,3801.0526315789475,3860.736842105263,3971.7368421052633,4013.1052631578946,7820.736842105244,19234.84210526315,24717.421052631576,25291.526315789473,25215.736842105263,25301
nhk,-583,1604.4736842105258,2991.1578947368416,3017.0526315789475,2866.8947368421054,2712.8947368421054,2911.5263157894738,3284.473684210526,3493.157894736842,3482.947368421053,3585.2631578947367,3860.736842105263,3971.7368421052633,4013.1052631578946,5692.315789473677,12849.578947368405,24717.421052631576,25291.526315789473,25215.736842105263,25301
nhk,-583,1888.263157894737,2937.684210526316,3040.1052631578946,2900.7894736842104,2755.7894736842104,2905.7894736842104,3351.5789473684213,3452.684210526316,3387.4736842105262,3667.5263157894738,3905.4736842105267,3864.4736842105262,10687.63157894737,14871.842105263158,19040.842105263153,24760.842105263157,25216.052631578947,25154.473684210527,25235
nypost,-571,1717.8947368421052,2242.6315789473683,4346.842105263159,4355.473684210527,6271.421052631579,33214.00000000003,75856.42105,153644.10526315792,274808.6315789474,400339.47368421056,487289.26315789466,608954.8421052633,786237.2631578951,932812.3157894738,1079816.8421052631,1230328.7368421054,1341686.9473684211,1530422.0000000002,1549567
nypost,-571,1716.8947368421052,1906.4210526315792,2149.1052631578946,4418.368421052632,4527.0526315789475,7654.578947368421,46506.78947368426,131953.42105263157,225631.63157894756,320455.1053,457510.15789473674,571659.9473684212,720740.2631578948,872540.5789473685,1016610.3684210526,1161539.105263158,1370387.8421052636,1515602.8947368427,1549306
nypost,-571,4444.736842105263,55122.89473684211,176944.26315789472,224933.7894736842,336944.15789473685,412554.63157894736,491226.94736842107,608968.7894736844,680979.4210526316,857246.3684210526,950785.7368421053,1002312.3684210526,1131445.5263157894,1229252.5789473683,1315882.1578947369,1380066.1578947369,1442269.7894736843,1512881.6315789474,1562052
nypost,-571,1741.421052631579,2243.315789473684,3180.631578947372,4191.473684210527,8966.736842105263,65158.63157894741,95480.94736842111,171900.10526315792,278955.0526,430746.84210526315,588837.5789473684,723522.0000000001,783835.8947368424,953450.8421052633,1105672.105263158,1208718.6315789474,1370245.1578947369,1525114.8421052631,1549427
nypost,-571,1692.3684210526317,2213.789473684211,3962.368421052631,4269.315789473684,4847.473684210527,14228.315789473681,60971.10526315785,111424.15789473681,199670.89473684193,324637.6315789473,446240.15789473674,613724.7894736842,801895.7368421053,970525.6315789472,1122477.6315789472,1248088.5789473683,1400756.3684210526,1546481,1549576
nypost,-571,1669.842105263158,2331.0526315789475,3409.7368421052615,4336.9473684210525,9013.210526315786,68863.47368421052,132925.05263157896,226978.21052631582,272214.5263157895,332554,520447.15789473674,604336.1052631577,726949.2631578945,851137.1578947369,1009611.3684210526,1200439.263157895,1326130.315789474,1529484.5263157894,1549869
nypost,-571,1670.842105263158,2188.9473684210525,4485.157894736841,4498.210526,9915.999999999998,43121.63158,71179,152347.9473684211,244826.36842105264,327140.5789473684,435080.0526315789,583891.1052631577,719173.7368421052,868342.6842105263,1003410.5789473684,1175055.315789474,1341617.9473684211,1516555.3157894737,1549890
nypost,-571,1709.0526315789473,2232.684210526316,4596.9473684210525,4149.473684210527,24051.736842105205,81303.26315789472,154870.6315789474,244256.9474,390691.68421052623,514221.15789473674,680698,796568.5263157894,921028.5263157893,1043699.052631579,1193498,1329052.7368421052,1439769.5789473683,1514840.1052631577,1549489
nypost,-571,5290.5263157894715,91074.36842105263,153781.3684210526,231445.94736842095,301913.6842105261,379590.2105263158,449729.5263157894,515303.78947368416,601732.3684210526,747034.7368421052,821090.7368421053,916925.4736842106,997848.4210526312,1087557.9473684211,1177918.1052631577,1280230,1426901.5263157892,1504122.2105263157,1566168
nytimes,-583,3500.5789473684213,3121.8947368421054,3967.6315789473665,16873.10526315789,48540.473684210534,74390.15789473681,115138.78947368416,155319.84210526312,266944.8947368421,360762.15789473685,446775.2105263157,540308.6842105262,648031.6315789472,758379.6315789472,818993.5263157894,889469.1052631579,965123.8421052631,1027774.947368421,1027866
nypost,-571,10003.631578947368,43905.78947368421,98956.73684210527,137344.42105263157,245555.15789473685,320330.84210526315,452605.94736842107,553525.8947368421,643250.4736842106,735880.7894736842,859859.5789473684,961188.8421,1045806.4736842106,1161998.6315789477,1243983.6315789474,1336377.1578947369,1411962.8947368423,1494502.2631578948,1570304
nytimes,-583,3486.8947368421054,3149.4736842105262,4414.157894736843,18815.473684210538,51270.21052631581,76133.57894736843,128524.52631578951,164171.89473684214,247708.73684210528,271507.89473684214,356605.5789473684,485619.6842105264,583771.6842105265,657446.8421052633,712037.1578947369,790040.1052631581,933811.2631578952,1027994.2105263158,1028286
nytimes,-583,3507.4210526315787,3218.0526315789475,3038.157894736842,4282.157894736843,27100.421052631573,67632.73684210527,93053.26315789479,135855.89473684214,181851.15789473685,256367.26315789472,367066.52631578955,447329.36842105276,567606.5263157896,653828.9473684211,747004.2105,826486.6315789474,957547.7894736843,1027293.6842105263,1027693
nytimes,-583,3541.6315789473683,3209.3684210526317,3184.7368421052633,38744.263157894755,66843.42105263159,130629.1052631579,160572.8947368421,266785.1053,331635,418975.21052631584,508656.6842105264,589824.4736842106,640272.0526,714841.7368421053,782813.3157894737,866677.1052631581,947135.4210526317,1027748.4210526316,1027936
nytimes,-583,3521.1052631578946,3157.8947368421054,3324.3684210526308,20520.68421,67147.52631578947,75249.94736842104,109957.63157894737,177442.99999999994,284516.99999999994,404645.3157894736,456876.9999999999,586086.5789473683,655203.7368421053,728861.5263157894,788684.5789473684,867379.6315789472,956503.9473684209,1027685.1052631579,1027796
nytimes,-583,3514.2631578947367,3140.7368421052633,5649.526315789477,18897.21052631579,55866.89474,80929.21052631579,102231.31578947365,138219.52631578947,177471.31578947368,258014.47368421048,387440.36842105264,430736.1578947369,579743.5263157894,625522.4736842106,753174.6842105264,888418.2631578947,973218.2631578947,1027713.947368421,1028199
nytimes,-583,3493.7368421052633,3196.0526315789475,3079.5263157894738,6568.578947368422,19913.894736842114,67618.84210526316,86590.10526315791,123865.78947368421,188456.2105263158,275040.31578947377,359992.63157894736,434657.5789473684,567428.4210526316,654509.1578947369,732011.9999999999,854992.1052631579,957539.3684210528,1027838.4210526316,1028312
nytimes,-583,3486.8947368421054,3149.4736842105262,12856.894736842112,26367.473684210538,66839.26315789473,77229.36842105264,152678.21052631582,190524.94736842116,274416.5263157895,359088.5263157895,460575.0526315791,512398.42105263175,626584.5263157898,730838.0000000001,810118,865275.8947368423,942640.3157894738,1028817.6315789474,1029129
nytimes,-583,3445.842105263158,3066.157894736842,11084.684210526306,23479.94736842105,62127.94736842105,77788.99999999997,122680.36842105264,162534.47368421048,286674.05263157893,355829.4210526315,496570.6842105263,564945.6315789473,603735.5263157894,685306.6842105263,784472.7894736842,870158.8947,986068.5789473683,1027612.7368421053,1028724
nytimes,-583,3534.7894736842104,3192.2105263157896,3169.421052631579,19672.105263157893,44156.42105263158,67434.63157894737,93479.78947,127896.73684210525,214460,291019.6842105263,400286.1052631579,479470.8421,548652,624218.4210526316,717521.6842105263,860913.7894736842,958757.6842105263,1027708.7368421053,1028024
polimiit,-571,3277.6315789473683,2933.4736842105262,3638.0526315789475,9481.052632,18071.473684210523,25644.105263157893,33324.105263157886,38755.15789473684,43363.05263157895,47970.94736842105,52578.84210526315,58568.84210526315,68468.31578947368,176036.21052631564,294269.3684210527,364544.6315789473,434032.5263157893,537448.8421052629,559511
polimiit,-571,3243.3684210526317,2984.7368421052633,3593.9473684210525,15209.315789473685,21455.526315789473,26440.263157894737,35032.894736842114,41761.84210526316,50691.84210526316,56095.00000000001,60598.15789473685,91660.78947368426,148207.1053,186500.7894736842,263160.7894736842,373534.4736842107,487200.78947368456,540526.0526315791,559826
polimiit,-571,3306.842105263158,3016.8947368421054,3138.4736842105262,3540.315789473684,12451.421052631591,18304.157894736843,30202.789473684206,41007.210526315794,51360.57894736842,56360.26315789474,71125.21052631579,140601.7368421053,194545.63157894748,279769.5263157894,343662.8947368422,415573.1052631579,494569.63157894736,551376.6842105264,559241
polimiit,-571,3313.8947368421054,3013.421052631579,3567.157894736842,8924.157894736838,17192.999999999996,25018.789473684214,31293,40264.05263157894,44076.15789473684,49251.94736842101,69407.73684210525,89348.78947368423,152380.36842105264,225146.68421052626,283382.4736842106,365310.8947,415816.1578947369,494666.6842105263,559242
polimiit,-571,3313.8947368421054,3013.421052631579,3366.1052631578946,4145.736842105262,15187.315789473683,19781.947368421053,23618.78947368421,27871.94736842105,41153.52631578946,47993.52631578943,97496.68421052622,131825.1052631579,185479.84210526315,245505.10526315786,321850.36842105264,386241.94736842095,501812.4736842106,555180.8947,559242
polimiit,-571,3264.5263157894738,2960.684210526316,3521.631578947369,4774.157894736843,17712.894736842103,26330.684210526317,33730.05263157895,40654.68421052632,44917.210526315794,53351.31578947368,60795.42105263158,67359.52631578948,85101.52631578958,133694.05263157896,197890.78947368433,299666.47368421056,397362.1578947369,538434.6842105263,559565
polimiit,-571,3319.9473684210525,3028.2105263157896,3300.052631578948,3853.3684210526326,14853.157894736843,22423.89473684212,33777.36842105265,44358.73684210527,52792.73684210527,61926.736842105274,72058.63157894737,124064.21052631587,151947.68421052635,244753.2631578949,296687.2631578948,380545.4736842107,458104.7368421055,556350.3157894739,559209
polimiit,-571,3278.6315789473683,2934.4736842105262,3639.0526315789475,9512.052632,16952.473684210527,21566.684210526313,31576.684210526313,41236.684210526306,45991.947368421046,53291.94736842105,67209.84210526316,89570.36842105257,155192.99999999994,229762.9999999999,313996.15789473685,369239.8421,478382.4736842101,546939.8421,559534
polimiit,-571,3320.9473684210525,3029.2105263157896,3301.052631578948,3854.3684210526326,14854.157894736843,21680.157894736843,31291.52632,44919.73684210527,63571.63157894739,80074.05263157896,114829.10526315797,143786.2631578948,200516.0526,280294.2631578949,357352.4736842106,423315.9473684212,459574.15789473685,557318.6842105265,559219
polimiit,-571,3321.9473684210525,3030.2105263157896,3302.052631578948,3855.3684210526326,14855.157894736843,23518.000000000004,27099.894736842107,50168.63157894737,59187.89473684215,87500.84210526317,131990.63157894736,197166.7368421054,239509.15789473685,313489.4736842106,367356.1052631579,447778.5263157896,527055.6842105265,558088.6315789474,559211
rainewsit,-583,4578.263157894737,4365.105263157895,4798.526315789471,19383.421052631573,55478.73684210526,74989.94736842104,104371.63157894737,175115.63157894733,300347.2105263157,425933.5263157894,485893.52631578955,595729.5263157894,673355.4210526315,814762.9999999999,928430.1578947369,1049192.0526315789,1250621.1052631575,1366132.894736842,1378839
rainewsit,-583,3869.684210526316,4603.421052631579,4286.473684210526,4597,62601.315789473716,89556.89473684209,169581.1052631579,241091.6315789474,387096.89473684214,486064.05263157893,612629.7368421053,719968.6842105263,806378.1579,910098.7894736842,1074195.6315789477,1183024.4736842106,1332222.3684210526,1378300.894736842,1378397
rainewsit,-583,4617.684210526316,4415.473684210527,4239.736842105263,11521.63157894737,34504.15789473685,86433.21052631576,140206.89473684208,217535.1052631579,315579.94736842107,401209,504574.8947368421,633836.5789473683,788994.0526,868592.5789473684,998705.6315789475,1157410.4736842106,1271418.4736842103,1375281,1378582
rainewsit,-583,4618.684210526316,4416.473684210527,4240.736842105263,11522.63157894737,61748.94736842108,94238.42105263154,148508.73684210525,258472.73684210528,321327.68421052635,447042.0000000001,573182,698825.3684210526,860580.9473684211,941101.7894736842,1046738,1143434.8421052631,1273689.7894736843,1374217.7894736843,1378583
rainewsit,-583,4619.684210526316,4417.473684210527,4279.736842105263,43733.73684210527,90909.31578947368,165470.57894736843,201578.3684210526,263227.2105263158,388657.7368421053,423275.6315789474,495637.52631578944,583040.2631578947,689385.9473684211,834539.8421052631,973805.1053,1093843.6315789474,1203594.7894736843,1370387.6315789474,1378584
rainewsit,-583,4547.9473684210525,4323.684210526316,4613.999999999999,21126.842105263157,41863.36842105263,66289.15789473681,119022.94736842102,165726.2105263158,234848.84210526315,302569.63157894736,442497.7368421053,571358.0526315788,710292.8947368419,881437.8421052631,1031724.2631578946,1142221.1578947369,1252212.4736842106,1366386.6842105263,1379036
rainewsit,-583,4556.526315789473,4362.1578947368425,20447.157894736847,44534.10526315789,72097.47368421052,88167.36842105264,149075.99999999997,208140,259770.31578947377,337635.3684210526,459913.47368421056,654557.8947368423,861334.3157894737,1004967.5789473683,1123698.3157894737,1284926.5263157894,1309755.2105263157,1374564.2631578948,1380688
rainewsit,-583,4511.421052631579,4281.9473684210525,23210.10526,53161.36842105263,72160.36842105263,120600.8947368421,157814.57894736843,231043.73684210528,353794.15789473685,420496.15789473685,513101.78947368416,662457.4736842106,748216,839678.6315789474,954762.3684210527,1038066.052631579,1193736.052631579,1351747.3157894737,1380224
rainewsit,-583,4555.526315789473,4361.1578947368425,25837.157894736847,56495.84210526316,107312.36842105261,151034.15789473685,193106.5789473684,272213.5263157895,389312.47368421056,460508.4736842105,522651.15789473685,616004.9474,698160.8421052631,797575.5263157894,945883.9473684211,1045017.8421052631,1235446.3684210526,1367812.8421052631,1380695
rainewsit,-583,4488.789473684211,4227.526315789474,15365.210526315805,36434.157894736854,60057.210526315794,88079.00000000003,158882.05263157896,230252.68421052638,330711.7368421053,437509.94736842107,581361.8947368423,636550.3157894738,705289.7368421054,742691.9473684211,877409.7894736842,1042682.4210526317,1206355.5789473685,1357542,1379961
theguardian,-583,3752.842105263158,3536.2105263157896,4379.210526315789,59892.99999999997,78462.89474,141729.63157894733,202371.3157894737,317713.4210526315,396730.47368421033,479791.52631578944,593856.5789473683,678265.6315789472,788286.6842,869999.7368421053,966540.7894736842,1066558.2631578946,1172748.1578947369,1262227.5789473683,1262886
theguardian,-583,3907.7894736842104,3497.6315789473683,4493.421052631579,14003.157894736842,25211.94736842104,57353.63157894733,98221.84210526315,190526.89473684208,283825.2105263158,384927.7368421052,435515.7368421052,542294.0526315789,675748.5789473683,784939.1052631579,861564.7894736842,1011904.7894736842,1115064.7894736843,1249441.6315789474,1263556
theguardian,-583,3818.842105263158,3529.2105263157896,12710.526315789466,36762.578947368434,84770.68421052632,117312.2631578947,188023.52631578947,254407.00000000003,408197.63157894736,544393.3157894736,719184.3684210526,858005.1052631577,938365.2105263156,1008367,1132288.7894736843,1288917.315789474,1498543.5263157894,1613525.9473684211,1627893
theguardian,-583,3793.8947368421054,3453.4736842105262,4483.210526315789,19939.21052631581,71407.84210526317,130609.73684210527,176686.36842105264,281578.3684210527,414849.3157894738,502784.89473684214,547158.7894736843,689865.7368421054,805470.7894736846,871128.8947368421,967649.1052631579,1066439.6315789474,1174240.473684211,1262044.2105263157,1262468
theguardian,-583,3729.0526315789475,3529.5789473684213,4790.631578947368,37446.36842105263,66172.15789473684,92627.63157894737,130150.8947368421,207404.68421052632,279975.9474,319060.05263157905,466409.8421,652709.7368421053,719463.3157894736,829565.7368421053,936617.4210526315,1053105.1052631577,1130855.5263157894,1256850.1578947366,1263062
theguardian,-583,5496.578947,61605.31578947367,117656.3684210526,194282.15789473683,277577,332776.6842105263,395709.63157894736,465666.3684210526,538460.9999999999,621543,692847.7368421052,762378.7894736842,829923.3157894736,899738.1578947369,986367.5263157894,1068314.3684210526,1146004.3684210526,1213406.9999999998,1272698
theguardian,-583,3846.2105263157896,3570.0526315789475,7843.421052631586,28948.57894736842,65378.36842105265,77402.26315789475,111845.5263157895,165160.7894736842,196695.21052631587,270372.36842105264,360722.1578947369,426524.15789473685,528651.2105,649437.4210526316,788315.2105263158,915061,1075081.105263158,1258230.052631579,1264052
theguardian,-583,3921.4736842105262,3526.3684210526317,4487.368421052632,30721.26315789474,69170.31578947368,124150.10526315788,208998.73684210525,318537.0526,434176.84210526315,561948.6315789475,698446.9474,799613.4736842106,892762.9473684211,990949.6842105263,1137522.5263157897,1317085.8947368423,1496649.2631578946,1624421.0526315789,1626287
theguardian,-583,3894.1052631578946,3581.5263157894738,4572.421052631578,35373.78947368419,70927.89474,143303.68421052632,280596.3157894736,436973.78947368416,570931.8947368421,702974.4210526316,786276.1052631579,889230.2105263157,1003110.2105263154,1156578.842105263,1289756.5263157894,1395477.5789473683,1532060.736842105,1626146.4210526315,1627440
theguardian,-583,3850.157894736842,3572.3684210526317,3733.736842105264,15986.000000000004,37917.68421052631,78893.05263157898,121713.05263157896,249315.15789473685,372447.5789473684,461028.63157894736,522365.8947368421,595764.2105263158,700095.5789473684,809818.9473684211,928978.3157894737,1052607.3684210526,1179358.105263158,1262428.6315789474,1262940
timesofindia,-583,4821.684210526316,6307.473684210527,8504.052631578947,9201.526315789473,13701.789473684214,23469.157894736843,33809.15789473684,52657.36842105263,68231.05263157896,77324.31578947372,138765.7894736842,255120.52631578947,407942.21052631584,572470.2105263157,745937.5789473688,896205.1579,1068750.2105263157,1139864.2631578948,1140289
timesofindia,-583,5007.631578947368,5484.157894736842,8401.947368421053,8493,9140.947368421053,25706.157894736843,53013.15789473683,82732.21052631579,167861.15789473683,307122.94736842107,412188.1052631578,491002.7368421053,625156.3157894736,732846.5263157894,856287.0526315786,947588.4210526316,1121046.8421052631,1138772.4736842106,1138853
timesofindia,-583,4903.736842105263,8742.842105263158,9302.263157894737,30482.684210526313,73101.42105263159,182131.73684210528,363031.7368421052,566351.1052631579,733558.2631578947,863068.0526,877932.2105263157,893742.3157894737,911978.4736842104,1011668.947368421,1081584.8421052631,1098519.7368421052,1128693.7894736843,1140477.9473684211,1142673
timesofindia,105,159.78947368421075,5088.526315789474,5761.315789473685,8794.526315789475,8662.052631578947,9462.684210526317,28626.736842105267,37223.57894736843,86827.15789473685,186169.8947368421,338226.52631578944,426501.4736842105,596507.7894736844,710536.6315789474,738151.5789473684,888150.7368421053,1035382.9473684211,1139190.6315789474,1139238
timesofindia,-583,4936.473684210527,5911.9473684210525,8762.421052631578,8906.578947368422,25828.421052631587,59138.26315789472,123085.21052631584,253651.73684210528,345126.2631578947,438445.4210526316,532615.9474,630333.8421052631,734933.6315789474,825840.5789473685,931220.7894736842,998857,1086358.4736842106,1139473.105263158,1139511
timesofindia,-583,5005.631578947368,5482.157894736842,7469.421052631579,8563.578947368422,8873.210526,10002.052631578948,73704.89474,130525.84210526315,249000.05263157884,280918.47368421056,392439.8421,473879.5263157895,578589.9474,718064.5789473684,853211.4210526315,979206.0526315789,1086683.4210526317,1138688.4736842106,1138769
timesofindia,-583,4759.315789473684,7586.736842105262,8346.578947368422,9806.052631578947,21602.31578947368,31387.210526315786,42895.52631578948,53745.73684210526,67407.94736842104,95113.73684210525,183042.89473684214,303678.78947368416,418284.15789473685,590498.7894736843,793220.7895,899738.1578947369,1048256.3684210528,1140083.6315789474,1140735
timesofindia,-583,4882.684210526316,6000.421052631579,8813.052631578947,9222.736842105263,23879.894736842103,37274.421052631566,49403.15789473684,63392.31579,73868.21052631579,118328.94736842102,205003.36842105258,334033.36842105247,469022.9473684207,594789.3684210526,715305.6842105263,880944.5263157896,998906.7368421054,1139892.2631578948,1139897
timesofindia,-583,4892.368421052632,5545.736842105262,8615.842105263158,9135.842105263158,18181.315789473683,26161.736842105263,36473.94736842105,45972.68421052632,58367.21053,72729.73684210525,169546.15789473694,294812.4736842105,439518.3684210529,566984.0526,712186.5789473688,878744.2631578947,1033028.052631579,1139868.5263157894,1139878
timesofindia,-583,4982.578947368421,5690.894736842105,8439.052631578947,8488,9093.368421052632,79910.42105263156,126454.42105263156,177822.84210526315,243309.7894736842,336608.10526315786,500995.6842105261,622247.2631578947,733282.4210526316,835236.3157894736,937686.8421052631,1033042.6315789474,1121658.4210526315,1138882.6842105263,1138949
vaticannewsva,-583,-449,-574.3684211,3121.6315789473683,3421.8421052631575,4138.1578947368425,3984.157894736842,3810.2631578947367,3849.6315789473683,4254.8421052631575,11607.473684210512,17967.842105263157,30739.210526315794,43792.05263157895,57341.526315789466,66634.15789473685,119204.68421052626,163829.10526315792,168289.2105263158,168218
vaticannewsva,-583,-542,723.5263157894735,3177.5263157894738,4024.3684210526317,4029.1052631578946,3892.736842105263,3726.0526315789475,3876.5263157894738,4367.368421052632,6450.368421052621,36541,65283.631578947374,68910.89474,73176.68421,128950.26315789473,136621.52631578947,159475.52631578944,168299.63157894736,168285
vaticannewsva,-583,-573,1156.1578947368416,3196.157894736842,4167.631578947368,3984.157894736842,3773.842105263158,3998.2631578947367,5052.526315789471,9900.263157894737,20097.10526,52674.36842,70920.26315789473,73273.94736842105,104432.26315789466,127076.89473684209,146812.68421052632,157538.15789473683,168478.05263157896,168482
vaticannewsva,-583,-666,183.73684210526312,3200.0526315789475,3939.7368421052633,4084.0526315789475,3848.9473684210525,4373.315789473684,4508.263157894737,20462.263157894726,37116.68421052631,49773.84210526316,57618.05263157896,70482.36842105263,74620.15789473684,131897.52631578947,143839.52631578947,152163.21052631582,168505.84210526315,168703
vaticannewsva,-583,-480,-141.7368421,3140.2631578947367,3622.6842105263163,4101.315789473684,3933.315789473684,3746.5263157894738,3998.263157894737,4455.684210526316,5235.842105263182,28082.89473684215,68241.10526,69803.94736842105,80944.68421,115001.42105263166,132456.47368421053,160624.57894736846,168316.73684210525,168262
vaticannewsva,-583,-635,2021.4210526315792,3321.421052631579,4108.684210526316,3899.421052631579,3775.3157894736846,4299.473684210527,4386.105263157895,28022.368421052633,64083,69494.36842105264,72706.36842105263,99118.15789473688,127871.2105263158,144563.2105263158,159765.3157894737,166311.84210526315,168573.1052631579,168615
vaticannewsva,-583,-790,1133.8421052631588,3274.578947368421,4167.315789473684,3912.684210526316,4045.6842105263154,4530.684210526316,5084.052631578945,30165.210526315786,38325.52631578947,53403.10526315787,63886.26315789472,71376.68421052632,73683.73684210527,86774.78947368421,136229,155142.3684210526,168611.1052631579,168967
vaticannewsva,-583,-511,-560.4736842,1715.3157894736846,3804.3684210526317,4064.4736842105262,3882.4736842105262,3738.157894736842,4165.578947368421,9046.421052631593,15271.842105263158,33158.368421052626,64948.26315789475,69423.42105263159,77020.26316,106468.8947368421,128822.78947368423,159122.78947368427,168383.63157894736,168350
vaticannewsva,-583,-852,3158.8947368421054,4145.526315789473,3882.4736842105262,3942.5263157894738,14722.210526315821,31275.526315789488,47424.26315789474,74498.89474,98522.78947368421,133117.84210526315,162817.52631578955,168432.8947368421,167887.1052631579,167585.31578947368,171818.47368421053,171633.94736842104,172132.31578947368,171977
vaticannewsva,-89,-1061.368421,-2008.157895,2149.9473684210525,6459.9473684210525,6131.368421052632,5753.263157894737,6344.315789473684,6502.947368421056,11028.631578947368,10571.105263157895,20475.842105263186,75771.89474,131869.4736842106,165973.36842105264,175173.52631578947,174767.15789473685,174783.26315789472,178111.7894736842,178615
